Hippocampus L,Hippocampus R,Amygdala L,Amygdala R,Anterior medial temporal lobe L,Anterior medial temporal lobe R,Anterior lateral temporal lobe L,Anterior lateral temporal lobe R,Ambient and parahippocampus gyri L,Ambient and parahippocampus gyri R,Superior temporal gyrus L,Superior temporal gyrus R,Inferior middle temporal gyrus L,Inferior middle temporal gyrus R,Fusiform gyrus L,Fusiform gyrus R,Cerebellum L,Cerebellum R,Insula L,Insula R,Lateral occipital lobe L,Lateral occipital lobe R,Anterior cingulate gyrus L,Anterior cingulate gyrus R,Posterior cingulate gyrus L,Posterior cingulate gyrus R,Middle frontal gyrus L,Middle frontal gyrus R,Posterior temporal lobe L,Posterior temporal lobe R,Inferior lateral parietal lobe L,Inferior lateral parietal lobe R,Caudate nucleus L,Caudate nucleus R,Accumbens nucleus L,Accumbens nucleus R,Putamen L,Putamen R,Thalamus L,Thalamus R,Pallidum L,Pallidum R,Precentral gyrus L,Precentral gyrus R,Gyrus rectus L,Gyrus rectus R,Orbito-frontal gyrus L,Orbito-frontal gyrus R,Inferior frontal gyrus L,Inferior frontal gyrus R,Superior frontal gyrus L,Superior frontal gyrus R,Postcentral gyrus L,Postcentral gyrus R,Superior parietal gyrus L,Superior parietal gyrus R,Lingual gyrus L,Lingual gyrus R,Cuneus L,Cuneus R
0.144757543023984,0.156902644508982,0.13193508040739,0.140411973123098,0.417864064154668,0.371435207138256,0.439473968063323,0.462243632436818,0.253460998503206,0.26843525695097,0.49521238619302,0.552835602820918,0.683120894871737,0.68366411030543,0.242446841037927,0.240357909131565,3.45477913125176,3.436096723648,0.689496891343754,0.654856194865441,1.66251534547057,1.66727865839668,0.252871658185812,0.299478769207732,0.285752239444142,0.280865198463516,1.30993328541867,1.41365717770218,1.73359000619129,1.73392053920618,1.36615405661764,1.39004756744003,0.228205560563015,0.203221575147989,0.0291590436876155,0.0273889990702253,0.256890812834239,0.269954400964278,0.361773789772735,0.336995286704964,0.0310873127577937,0.0354482117252144,0.97693723032317,1.0568483378612,0.177535786708168,0.187320657922817,0.857114190473381,0.968415223673643,0.790909668426624,0.687463139773044,2.22093258207432,2.06814631259378,0.895223680554892,0.868819039199648,1.35988419659657,1.45560690549255,0.475269697906964,0.519974138213709,0.390591467386547,0.363188103491034
0.135543894452467,0.153898824871396,0.126409207413948,0.138553806743796,0.396970697456376,0.425937605230353,0.458882746237241,0.453977532282771,0.239247531134047,0.274179534627484,0.483117434184359,0.527838571568186,0.658189798593192,0.763544987380235,0.204141249318278,0.232715275772423,3.0815574583369,3.0969448376932,0.604277119035399,0.551448059173968,1.70551455957825,1.54215978380845,0.225185792452158,0.262142276360539,0.279433591423673,0.269389667602132,1.29382883558187,1.3842716021055,1.50760084573289,1.66797858709737,1.10162945671697,1.29789502619004,0.2644904197037,0.240192185751636,0.019734150368678,0.0194211126791642,0.287216858030983,0.292838696853078,0.314844712148098,0.340321882748919,0.0211773314424089,0.0307907373779453,0.998374666453423,1.0228780444235,0.176403245816875,0.17986054634617,0.781988321065503,0.838921216930429,0.637619870658963,0.624427193932769,1.93520530626801,1.84925550070969,0.816120742644012,0.777597428898322,1.30158303465236,1.32592319767697,0.459617855950542,0.475330963405134,0.367441413050154,0.352868608807034
0.132409742819401,0.152367883473527,0.125026559129835,0.143010524718373,0.471056661897542,0.451125618574723,0.476843978178891,0.461310596571153,0.250819033989835,0.282259576776408,0.466695177078261,0.43786933010915,0.692051758171869,0.717218571028242,0.245363019425526,0.247239338284509,3.68068755710352,3.52110079931349,0.647650126040546,0.567536022105006,1.62073824977059,1.65460660690276,0.209980448681646,0.295412461406049,0.263508407072517,0.240095323652735,1.34321314048296,1.38683532381725,1.52264926286114,1.58313026784529,1.10187416857965,1.25255191424501,0.259880776450765,0.240626355002926,0.0231833897841192,0.0208126617500686,0.277453559732711,0.313381207525735,0.363207308772874,0.339159568862361,0.04214598108716,0.0557517150882275,0.899716182251322,1.05261468531957,0.175938193933359,0.179678604111157,0.82712935000376,0.909442944187834,0.619798705183917,0.567757525258463,2.10732026137631,1.96190791490689,0.843504880481092,0.831287067466748,1.33335433282281,1.38957146600642,0.421273828946856,0.449239988549351,0.321125828839056,0.377619993240872
0.136304962350342,0.158716554148288,0.115865303155979,0.13263606379672,0.41964648542674,0.441561685833413,0.472536425163449,0.462166809797042,0.227952266553809,0.257611707349681,0.54801494244695,0.585803281177035,0.712354811472748,0.881282519301394,0.252181929172785,0.243243772583854,3.1621047052119,3.04196940785167,0.679659810577854,0.640941807333935,1.71434180760622,1.62705022768273,0.275190886816184,0.309725926532484,0.310240282006147,0.262491851854733,1.54635434431501,1.66396888299256,1.71447255253145,1.77867387741427,1.46210054880787,1.573008144051,0.225619030140187,0.212220593694533,0.0218775942732134,0.021148445806447,0.213961049309257,0.22864073802354,0.393582858927852,0.397443671792495,0.0450093487606531,0.0505025271645257,0.985414493807857,1.0533262829515,0.211357158622329,0.203133191014701,0.893197063547266,0.986600398440113,0.750524020651709,0.752592179671329,2.196682266887,2.11189153568486,0.80826429021079,0.901815565277483,1.52191771281932,1.48996207692781,0.471484461961794,0.50635919444382,0.384301337147408,0.361746092688097
0.145591230180681,0.169724792419826,0.123274443707831,0.145800676422055,0.350184389540033,0.384407201934183,0.461594609798122,0.463074598031774,0.209208229967676,0.263934551830905,0.467680959309423,0.486826066563054,0.672155469328977,0.762258301257923,0.19343749812756,0.205764149066779,3.21404740776544,3.19931708736624,0.612305752713324,0.552142725307598,1.68314927523446,1.64798732911382,0.269660369585446,0.220659128256289,0.290206272544252,0.271541807710021,1.26360836960344,1.39845685980821,1.6541669921721,1.62532657449026,1.26484762714554,1.39150045864362,0.261436055343053,0.242213879897806,0.0303821652219945,0.0235382730390113,0.255401634994736,0.251182433714692,0.329480049305164,0.263792793306994,0.0420119092843429,0.0458598551213419,1.01850465219,1.02010592826778,0.17462067351195,0.169642132674465,0.848843458950164,0.881731628561057,0.637309240829153,0.629211995555954,1.98603027005283,2.08076428279918,0.890625927859457,0.902126305176848,1.52442072756675,1.52229597233533,0.425999094944831,0.462133113310357,0.342875848802415,0.343587955143894
0.151993084481725,0.161865447630103,0.128957642176657,0.136362595049974,0.492622926512485,0.407100076797831,0.482323852414733,0.445989173724984,0.252711207667793,0.257006350273889,0.589975102911246,0.544144725125428,0.773876847172842,0.861300265550053,0.249839788275363,0.25242984920147,3.21465271786089,3.20411167781673,0.708425243069849,0.66821967606172,1.66761804480942,1.85289654134757,0.290341270547292,0.30553336398998,0.3054482218361,0.27994739607092,1.4580743628145,1.45453877112787,1.87586443779072,1.77077766293298,1.40296949805311,1.48644493850956,0.292733882996152,0.267481759529252,0.0317570938417211,0.0336041870485567,0.320559880370079,0.352943526324815,0.395558977171873,0.371931662217319,0.0442266712313338,0.0598632252940089,0.902767055659621,0.898669906350492,0.179888862343974,0.179806352555943,0.850935719780158,0.932587080600119,0.746690080247944,0.659621990061757,2.04465560555092,2.10228319246379,0.922689106436178,0.867855422253378,1.43232825860299,1.34243874704929,0.473497229194202,0.54199454364279,0.344771840923435,0.380127530519244
0.133543791335889,0.157714458480233,0.119215023130883,0.140392683087668,0.386027709970178,0.389143097517601,0.43593195797144,0.396727171822438,0.215884378732986,0.266629371405401,0.457569141336597,0.518746201680232,0.564341049208615,0.702357644769332,0.193874233300723,0.218670484656184,3.41823493965381,3.41405966420656,0.572616166898335,0.549364750141145,1.72482027182799,1.81418200500527,0.263817906512192,0.304807305028441,0.277496577367248,0.25158462336143,1.32723211130461,1.40016303630028,1.53077905867313,1.66258244769279,1.19428322818793,1.28418602473864,0.252204495555623,0.230422947338173,0.028760635042185,0.0279393435791289,0.283276801884833,0.323612649869698,0.343990890960064,0.318281878387159,0.0518117912104022,0.0679264308063455,0.886140308552016,0.912095170240435,0.180905955696129,0.179593472574319,0.75457558530991,0.885344578022265,0.61401626032804,0.586825275191195,1.9923704703585,1.89610944383701,0.825027893482709,0.775623086112358,1.38257034575331,1.37531520787778,0.497575100025362,0.476084789742144,0.364001035488054,0.348589427101962
0.156039766928406,0.17408881745777,0.139115384773103,0.154378636249434,0.451406432724903,0.406873369563601,0.473130622987693,0.433417495859332,0.27701478171295,0.317792765915073,0.587977452563929,0.56021597890852,0.653903517609765,0.759474877050265,0.240699245994225,0.265148761154267,3.61598938973502,3.61984804822088,0.605317341131949,0.549710653211176,1.87765341789661,1.80996195286474,0.24602018282517,0.249519789301143,0.280847179016969,0.281937307759721,1.45153033336402,1.51084588963306,1.76814290461888,1.7962013109706,1.44113476347718,1.4860583086771,0.246191467402244,0.246124476922327,0.0293178032674351,0.0297982406213185,0.287107784956236,0.300632530216738,0.338379919551848,0.306050578272036,0.0291309605405555,0.0352263061205113,0.980269652673462,0.979398258673588,0.210765584529645,0.204999922777829,0.931769144125017,1.01764525855005,0.714960543918978,0.643417147529089,2.17007439890717,2.16565357789928,0.895091997687042,1.00720998207295,1.50924171516828,1.52886342438472,0.581890966692448,0.544261599555339,0.3872276687935,0.405461932559842
0.148201225187958,0.162152668865968,0.124001366422888,0.138687908614708,0.426589664687252,0.442641738379572,0.531381480529715,0.497951321431875,0.240359939627909,0.279345119186633,0.530329188472198,0.531365870374319,0.785627341048158,0.860401055611919,0.213124519690476,0.259151139864873,2.86088060468247,2.84527252130161,0.577488409569447,0.521064331846023,1.79651483241842,1.68194472941434,0.320794522220119,0.244250016958634,0.277680834751186,0.283574016406949,1.54216148381654,1.59349309793167,1.70820658749952,1.55047865998147,1.23890534990388,1.35093212464617,0.234891943134004,0.233054698011632,0.0270350777249316,0.0263843176752567,0.274856886446247,0.293924034639419,0.340089455481688,0.302469402118878,0.028324025335813,0.0427312707509047,1.12552427695169,1.15478581121116,0.187304563370347,0.193031383108611,0.862690846304474,0.953828756122066,0.636932451467632,0.611650638702162,2.30280951616004,2.34521507915622,0.848524484047418,0.896124896341276,1.40407716236686,1.50558515281932,0.472552130288846,0.473373702889512,0.376281005577237,0.392692772553736
0.139066274628928,0.157640144172511,0.128994876707215,0.146150137146253,0.372600901858332,0.383744272112132,0.427102590759064,0.413919179782693,0.233341807821304,0.263859481570599,0.480337021949268,0.465169011138595,0.639371289083498,0.726317370017593,0.202695932646146,0.192297405081957,3.12205909701235,3.18136093178946,0.609001935676438,0.552193814767415,1.66001219689775,1.57126284025806,0.241276308319071,0.23855376973037,0.279041946126425,0.232923503297842,1.24212072684682,1.29291567936205,1.4667852056294,1.48299293725334,1.20735646490585,1.46554030079347,0.245717441984363,0.224495031247223,0.028103481898358,0.0275140975797609,0.287297108446592,0.319104045364743,0.318045227048492,0.280860274993278,0.0341392183094929,0.0467015954275526,0.840489791576165,0.904629192268344,0.151268436316141,0.167223890690893,0.750456868715819,0.869238405400408,0.621591855209915,0.5712330000436,1.83507381651289,1.84442126596795,0.89565618439253,0.861649983804995,1.45941428675154,1.47307172095886,0.456854104581641,0.447399277979439,0.367007188319866,0.290160874518864
0.162247843453744,0.176607360834543,0.150705468104996,0.158190957631059,0.481479029369687,0.446134496128092,0.510507314155598,0.507112216644378,0.24402500797637,0.291028290177703,0.60182890524279,0.58644870217485,0.726483261116945,0.858205316885207,0.224022348000654,0.280970576644112,3.4891044261412,3.51772889387265,0.73753611185635,0.655845960976231,1.85792643437514,1.63697618720671,0.318132669204632,0.277195030038706,0.309763319218361,0.293440000629093,1.59147364209279,1.55691391413264,1.80913525673649,1.88421310193077,1.41287950092356,1.58595923273236,0.307034216705283,0.261214241752248,0.036293394048161,0.0363383053778714,0.34679771138982,0.351972656272484,0.310560539582455,0.310280814539269,0.0520477812665213,0.0663271348265049,1.02213191179362,0.9936262219814,0.214522436619941,0.20792573709516,0.975237879122255,1.06735913175805,0.778822625046015,0.792351885100369,2.32287585022108,2.26976137213988,0.917901918068543,0.970776661266147,1.57761312266277,1.52102051614626,0.508276526457733,0.493886781328358,0.364741319695548,0.389067918197812
0.160686470241074,0.175053535273483,0.13529243567367,0.138795811131453,0.422690669462007,0.347197535098801,0.430448487309789,0.419457490157373,0.241209593506488,0.25538028886158,0.516301609053641,0.56079363895745,0.676307723624419,0.727337716066554,0.24526327754374,0.239408054618773,3.36747945815333,3.37608267495131,0.620363588981492,0.586700326301736,1.75491734087923,1.71216453667942,0.255744033166691,0.287299909767943,0.301011159910517,0.309555460242505,1.39291385948143,1.48864648017641,1.71546755870948,1.77339111132774,1.21114117051851,1.36011926393827,0.262584580440307,0.237996696536306,0.031078107003082,0.0261776439164839,0.25675415631181,0.278002310875319,0.288371491513028,0.277347599142101,0.0184340123131353,0.027681028285117,0.909614893293204,0.943957715523735,0.192165641937468,0.202774635143248,0.927352476238868,0.957237961654403,0.664989840291055,0.616726144775936,2.03627146478287,1.94831272060218,0.812222478808562,0.807917738405022,1.36324278301744,1.40664995393055,0.486802474005601,0.45062063523968,0.355556721131809,0.344554572531817
0.152208809219396,0.173983204385544,0.138336529544227,0.14607714555089,0.440730563746579,0.452021286932165,0.535638209262947,0.522673143983001,0.251942123716781,0.290089082072315,0.580699384767663,0.585638225634946,0.686530956124854,0.773634281355685,0.247441997404446,0.258446657051818,3.5185864945074,3.46792881530654,0.629136565797367,0.612047414957903,2.0135211391097,1.92055463700422,0.300203700893099,0.332451966797932,0.351845510303056,0.297794857705121,1.50937894681103,1.60880570947206,1.88265692070206,1.91031418328435,1.48454972334477,1.58904629344466,0.254074605430568,0.233026292695608,0.0303825110076375,0.0294495985961725,0.276557074348588,0.302622617512921,0.353825178030241,0.326335576420076,0.0195755856102925,0.0294768421629253,1.13375853732767,1.09424146480565,0.231521970750478,0.213972867742167,0.993099751819816,1.03608124485107,0.762360680567192,0.789457924446694,2.40795917598341,2.40052773321367,0.94734849140235,1.01211407113696,1.66159481397651,1.61644887611012,0.5821615184658,0.604976433608905,0.462672838581357,0.43346064221292
0.148838817343374,0.163970499954097,0.133642965071917,0.148466019331934,0.431143333425753,0.452539434797172,0.517663409130605,0.518993416519643,0.246936220238954,0.300826051835202,0.536938005500524,0.544727248731365,0.738708127219284,0.921637126790495,0.249512451356553,0.305725309945526,3.46745702449909,3.42092155656844,0.619389707918224,0.607257580830012,2.01201003891049,1.68645483497594,0.323461376997592,0.332538304946216,0.351782368200242,0.301049414882644,1.64102643089441,1.70120637684335,1.86658239842647,1.92533034064455,1.56232772667047,1.60779712306509,0.274209898452728,0.245231269085224,0.0331730701739653,0.02979530424854,0.283442104682052,0.293743885018351,0.31852698705557,0.298637826765615,0.04419495495242,0.0485635890699775,1.0190328412233,1.04144879750835,0.222778349216538,0.206054310709026,0.96217848425466,1.04305030605168,0.770571619970711,0.768089335085825,2.44216080432931,2.25538608915109,0.883757360204428,1.04131722362071,1.49626707321756,1.45759050696884,0.531595540776308,0.478581077500508,0.344649378560244,0.368686259402981
0.149155079133611,0.162750039313133,0.132702388378346,0.160721525989342,0.451556233678751,0.478450050786354,0.462720132189953,0.490782824810784,0.271143975343601,0.302494226966661,0.53945136760689,0.65131113043122,0.774295500499134,0.864129408836581,0.256077939342982,0.286685480845722,3.46201450583291,3.50699194299292,0.637457016606242,0.631419086127117,2.03910922985166,1.85596896235982,0.323990850586674,0.329956887591371,0.316737559629837,0.289700777017592,1.61993852685583,1.60194350700584,1.92579180929649,1.77320722589054,1.58687425814595,1.70862824199239,0.229752820967836,0.250637082487377,0.0310920417238876,0.0294158411544625,0.260877179241812,0.29191719106057,0.232368284536292,0.250512154170385,0.0194451458186642,0.0319377471381272,1.13795450065724,1.08564162850053,0.199197418256296,0.204094155474805,0.880870913994184,1.03826103255934,0.71184477984169,0.684188501213843,2.34026219834564,2.29478487736041,1.06595179910115,1.03233202348207,1.67169832242257,1.73573225212262,0.547922341495748,0.574148965894218,0.457311013445524,0.450362030877566
0.135080255084123,0.149106944201628,0.127853568737752,0.119670306898086,0.416419258269615,0.405574132996931,0.490306897521937,0.432263784869829,0.232728301852029,0.253084287201487,0.471962639338211,0.535408654153789,0.72432098708249,0.746852339722963,0.225274567314376,0.249739815703041,3.04866143056039,2.98018659410532,0.654556854363909,0.596814910202186,1.76099664440644,1.83040174319998,0.248296915297065,0.307518420553313,0.315288809272409,0.295194005283681,1.50821845534049,1.49225541373394,1.78431208777812,1.76286050667016,1.32760796052124,1.45913210553195,0.229986007610962,0.229151236279606,0.0264127727844406,0.0156760284011337,0.24646273067059,0.259156922842114,0.388485696477747,0.380151402796451,0.0255109233701053,0.0314611536668233,0.902865486695301,0.929672282459439,0.216755232271335,0.206673827451443,0.862074184423326,0.949236546164634,0.658541870839722,0.586159749297007,2.12854568249049,2.05282147011432,0.858270580769125,0.912620475958572,1.48953529324568,1.48889071905067,0.577923790819416,0.518108233177824,0.393959384852569,0.407718910815928
0.160466385216588,0.181595098604827,0.146034142473583,0.157693506123222,0.471420559631825,0.412188628668931,0.484421764198193,0.476999052060476,0.269316218750328,0.302931521194098,0.520690359471859,0.505139984908006,0.756762593959949,0.829236724938937,0.230436691695717,0.264461824956248,3.24545874880427,3.24981389737449,0.619443846932659,0.581870001190588,1.44903922517292,1.51025525596106,0.285472696416389,0.291783726802376,0.255442792633998,0.246754563327993,1.43564880633041,1.55414434398204,1.57163579833072,1.65387043193557,1.11242272147354,1.18260403369301,0.277723259855927,0.251945874897083,0.0295742296641625,0.024516125891368,0.225303844828304,0.242351074729288,0.339849548317311,0.277389816333739,0.0437978333357059,0.0560307349086301,0.956020825591242,1.03148332902802,0.190480344532824,0.176414642466583,0.930031865831723,0.95513316966479,0.67130447329784,0.66393032255777,2.08496962676318,2.00765568616133,0.786585513507312,0.851297201987796,1.25059124739041,1.20832981593259,0.448315742909946,0.430249188288493,0.290028476878441,0.291995844322893
0.169458579723459,0.188227842902264,0.163505996017084,0.169963820285563,0.435481902941646,0.409497817108841,0.436167316526331,0.498329405114076,0.300493090512797,0.314192690025473,0.503844963917579,0.539756466236768,0.694474078930173,0.819099291274588,0.222723297521679,0.223393752072069,3.33397380927349,3.380057520909,0.666853998231681,0.612691928660544,1.98409310411406,1.76339013613802,0.310126042535106,0.344159094568912,0.318082606344649,0.315905711808993,1.69168907092418,1.74558224316775,1.85325757208159,1.96141301741995,1.29951889366552,1.42777967691874,0.303131783057734,0.276819357666105,0.0291992973071056,0.0290197326937587,0.279453278512927,0.331230255180395,0.397600581159773,0.406185596460891,0.0486981934034288,0.0679990602170051,1.16050624793854,1.15725996486052,0.190930269868577,0.200283185105616,1.05838549311545,1.16410636928478,0.759902252494567,0.795862178976294,2.54515060101447,2.43071044645335,0.883896936361116,0.876052757376124,1.72120263396325,1.57372368257289,0.573965996014581,0.560617944343951,0.459977184326318,0.366797162816019
0.164018158686135,0.182986733284073,0.154198658698202,0.15838714014775,0.411033964406679,0.431036820919624,0.514265724996133,0.525770317211457,0.266942560901307,0.295819184443642,0.54627706591955,0.588338570284386,0.654384767187718,0.822837281780248,0.249512870918334,0.27853688291461,3.08584501324302,3.01602551149677,0.692449999883439,0.673607354185075,1.97122956018767,1.84441804490059,0.303570192127075,0.343346802490581,0.326897347129513,0.311996508743149,1.5048531469067,1.50032277810866,1.74722742640825,1.82065970716641,1.4051324344481,1.52689849583145,0.246773328581479,0.228405300315832,0.0297961344837605,0.0300527397070835,0.294391805129638,0.332453517520888,0.305851442487284,0.29368849745217,0.0270416302581214,0.0460158425335813,0.978902674998212,1.03219061311657,0.199954020850562,0.204051350470483,0.889656617579014,1.00971406335384,0.719200986958858,0.676414152356199,2.2135892940335,2.10052482077515,0.956593798496519,1.00326324463866,1.5330916114315,1.52411525522975,0.564997156095749,0.556838369312403,0.442968291397978,0.428526363016198
0.131552270895036,0.147789672352629,0.128737864582273,0.144144942133675,0.377960417964301,0.410009703441611,0.440468283442747,0.447457448724534,0.225940025086449,0.278330488891124,0.469910080097103,0.485267053725757,0.571102621459364,0.681112878512587,0.219819075772834,0.243585892783548,2.95538488464343,2.90631337911874,0.709973364556886,0.661904575342111,1.61870586393472,1.58368822019209,0.23564767610866,0.222223921493643,0.268016891281259,0.25735808066003,1.29376167012795,1.35584106496432,1.57438777714388,1.53161681262104,1.34850027197217,1.3505672258526,0.304194113212925,0.283525709785139,0.0326823662435953,0.029243496416685,0.314449801983261,0.347769777295827,0.364499142895755,0.303692581475532,0.038854810136888,0.0480391015386594,0.728693679445638,0.815572575813759,0.197291865656246,0.183403713841295,0.806036197255797,0.914219282703619,0.624368788566311,0.580518727079986,2.08657371030532,1.92192996021607,0.740771633782595,0.821164698049144,1.32921347327562,1.33389454576657,0.432898366512131,0.426852387843885,0.304795859200706,0.315703735811656
0.134192795594661,0.155672228314425,0.146472971043624,0.160420553491046,0.424397163423382,0.436634149238401,0.477297829145581,0.437434387554083,0.260330403451701,0.320345899671082,0.51217712822453,0.571087485786538,0.775683873069512,0.845171920628688,0.275347251813204,0.283862123515878,2.83413821738824,2.86913108568609,0.630173058362163,0.612041361306076,1.82939399441236,1.7785768188135,0.281958821719993,0.273612610677807,0.307117177804604,0.287018526322695,1.45517388278988,1.55518942023722,1.83534372429335,1.87555509061372,1.47010318545391,1.49239152469698,0.214393935762962,0.211262370319609,0.0288591812493996,0.0277938777166918,0.264012170400384,0.28925575745614,0.318456913041806,0.318723227453157,0.0260553370332362,0.034114679234886,0.907482568082048,0.966433719841406,0.185980436321115,0.179630890603649,0.878744757526795,0.959965998017309,0.61695476872326,0.686109074477798,2.24507842570733,2.16090481619746,0.880998394625853,0.970280753345167,1.585353252424,1.52393556320297,0.476782286627379,0.518851187412707,0.452413457758802,0.446978966011114
0.141920033002782,0.148772990830339,0.131211187719484,0.148888463203923,0.406029253988049,0.414229774765744,0.451276889370931,0.449323191183798,0.235776401211345,0.295058712070121,0.449629347565949,0.59363398319505,0.700421370580422,0.793953281183622,0.231626460699948,0.271418043131411,3.38251509883496,3.37408269967895,0.56530368973069,0.522532280887403,1.77356104294513,1.75249155771326,0.313187177610047,0.294268641577074,0.284749878845879,0.233545235967919,1.43513573857512,1.45504572407806,1.78423620286005,1.74134298718499,1.34179605425922,1.44722128360048,0.257960664375166,0.240718855675108,0.0317221095345904,0.0292738473319317,0.258407353716709,0.297154899821827,0.26329482294374,0.223011932539416,0.0430253219364918,0.0573101181090665,0.900440541784024,0.95369114253241,0.178497966653456,0.176581334364405,0.804623401462115,0.824856677049942,0.700154101991759,0.664352121352307,2.01550089131763,2.11336447041132,0.811684381107213,0.894461066522775,1.52210406572462,1.5697331332868,0.480089695560492,0.451613873911495,0.407794286881035,0.354288526403277
0.150779599262445,0.176753013691778,0.126086909217638,0.143679068979685,0.451469682885077,0.462225064229945,0.458908002013745,0.488254813391038,0.255641875203882,0.320739375362721,0.562540592943425,0.590941621120112,0.658637307647653,0.835309599714497,0.219566934026942,0.253761311976261,3.59964659074822,3.60124917022906,0.606475341143889,0.581220923743725,1.68525846330701,1.61739909000709,0.269454442668682,0.306695157078183,0.280121635775407,0.258640723806441,1.29099567859266,1.42330168458829,1.72769658676599,1.78557884432818,1.38565876953518,1.44337475026039,0.225753374959783,0.203072476742157,0.0267821651026967,0.0256649924800717,0.246229348013038,0.274343589543214,0.377887365823269,0.40073324028551,0.0266070284277932,0.035532787128273,0.933350258519621,0.883729428262398,0.181833205031631,0.175311392216153,0.777235746937417,0.897994517904319,0.656356284744847,0.589286298147594,1.99777738194323,1.90983952457259,0.792181175411414,0.827109354414972,1.33399111555021,1.32554136045443,0.50823604539735,0.480816450782166,0.314663756598565,0.351997387016119
0.147540286214273,0.158982883896216,0.132277870131976,0.142004355226323,0.411235676221552,0.412271868356119,0.452373697457602,0.411170816374315,0.239360154210042,0.279267118450838,0.467060253980648,0.446387506973226,0.669600136435803,0.766865670911761,0.220998260217469,0.24112086156357,2.97306345149831,2.96134047208062,0.609119938050016,0.549717892052063,1.70761529075046,1.62364808002101,0.318517177545962,0.355250574755898,0.28759473815581,0.286474350967443,1.44589796413607,1.53173932763357,1.67978075480437,1.74618322750922,1.18709199501736,1.35624627562833,0.236103717975461,0.233898565110389,0.0251532764975206,0.0251015001965882,0.250875794954195,0.27323444443915,0.392214203612048,0.355028599104344,0.0263491956445257,0.0371755055803025,1.02327197291018,1.06104244336814,0.182433238480872,0.175711659031948,0.86986641285476,0.933014678263989,0.640299606859371,0.64436165708496,2.22935996290399,2.04081130033204,0.811547658557492,0.881036489623148,1.33287436066827,1.38457682451414,0.444606756555182,0.451939713602543,0.350627391163613,0.356460588900386
0.163008037204446,0.180069017269526,0.138266981496752,0.152571936317694,0.461077133199188,0.433423049105083,0.487283853059021,0.548947306986452,0.275027966297777,0.289781830825455,0.543754802967648,0.639488005328258,0.729880936538188,0.885642862228127,0.239945071887245,0.242682509526586,3.99453324800215,3.9428695802198,0.666939733310146,0.57635773005758,2.02478769216053,1.82305006320051,0.333199643121588,0.334124709692205,0.344650768797757,0.303540354866445,1.58904173993888,1.58193038481998,1.85992607886373,1.84190767096194,1.6317646733516,1.56822978763612,0.290000014208206,0.263353681311182,0.0327255957140992,0.0298322423816936,0.303061671075044,0.316420812124335,0.388380602498834,0.315964325980939,0.0312836567519435,0.033375576895611,1.18059161273977,1.19630572094706,0.210310793600613,0.190668223862226,0.962542435497649,0.968396900896246,0.714952598175908,0.64949138894261,2.37595015650395,2.28832249903212,1.08885099814425,1.06235398130514,1.69415735030269,1.59663474530712,0.528583043929905,0.547534727790808,0.462047434372551,0.450928581910636
0.147750955075224,0.171105113078921,0.137527331261778,0.144432669808638,0.425570924918444,0.442581695615283,0.503022287901344,0.490236394737166,0.241781620330729,0.290065173601075,0.449977699508183,0.587067328672944,0.701406464905539,0.881089685148358,0.273326475905453,0.270605636740155,3.44553752679047,3.3220538315326,0.591438941049929,0.559655080374888,1.81671954504483,1.69868812044686,0.269318836577683,0.323248387273239,0.324058398240752,0.299195813892618,1.51917528822734,1.59087525192159,1.82117165618258,1.75401243516189,1.37993568736015,1.49175730770674,0.243478314657379,0.206641897328066,0.0265585253911428,0.0285861639698979,0.276533745996121,0.319848212831002,0.280635319671256,0.273522436796977,0.049701461396783,0.0661419965709235,1.07848217702746,0.990508919431059,0.183879155917148,0.189127927576235,0.843667944885174,1.00369916867779,0.726656762603636,0.677066459511839,2.12329289602489,2.03813864437686,0.930343066915049,1.00479792843431,1.45815518557274,1.50911034268072,0.491140985938114,0.486954145894298,0.403258811011211,0.366198148792057
0.167514844170356,0.192669548023475,0.153960481283533,0.147211376462394,0.440094342480404,0.409965279174696,0.498798032621198,0.486143196057848,0.251097675167355,0.280913688102013,0.589151047165039,0.584974159727203,0.782796951484764,0.817584544491317,0.206418095667543,0.248575658976266,3.20965736603199,3.24309172926401,0.594641438972328,0.547048040377524,1.72880540928368,1.81263699356481,0.213958578098532,0.257362905508538,0.321120369290925,0.278145889935274,1.34089308495726,1.44366467083762,1.68734358070767,1.73555560227515,1.38779155964394,1.34903559283093,0.261336058944989,0.222554808660584,0.02636083134239,0.0247139472932313,0.280524719079607,0.298913008200003,0.319019378513131,0.297223352993972,0.05102452562711,0.0508627340426885,0.915295484020431,0.985968656503422,0.164818522283066,0.164748731078636,0.792778588784934,0.882423360028072,0.629172456408152,0.650899967047702,2.17417884719627,1.88645926808224,0.91255318063638,0.929926746996177,1.41455403614145,1.37518708584887,0.499356798712669,0.514900078487389,0.38693414172986,0.39739086857472
0.135070275739585,0.168050751233701,0.112310881243631,0.142457387101904,0.345527384426706,0.429390734503796,0.50224639407407,0.509026219011403,0.22400272356382,0.306430763134023,0.57873599686671,0.647145946461029,0.732224344304388,0.819150234078904,0.245241359787464,0.281495118942787,3.32180256923268,3.42211726551128,0.738638510017782,0.70575125977892,1.84718067532772,1.83189865272244,0.325269331042606,0.352213399408755,0.341143325665264,0.312813068700401,1.49212917871159,1.71062595156062,1.815171330742,1.98047683691453,1.41078985705781,1.56125520142648,0.269748575356487,0.253946390494651,0.02174498922007,0.0293140137748718,0.309125019854939,0.345649571980476,0.417085555970981,0.415680201739167,0.0506587981481835,0.0608888480664116,0.987134881921856,1.08165712447319,0.229441905966492,0.214040009055744,0.938163458465065,1.03554399313757,0.713680824456745,0.672713038697248,2.45987815825633,2.31718789379783,0.921165383946751,1.06717413392751,1.74982719415171,1.59485190406816,0.534562257508905,0.583489973775304,0.365426813211741,0.370042453617887
0.136728593865789,0.149204056390168,0.127982517874648,0.145124942233622,0.45630816252273,0.432648981333328,0.434820992171037,0.483685432114004,0.234577278227186,0.282531278861561,0.476210823779715,0.474484751205274,0.678990777363097,0.810951607091294,0.221936282146498,0.240178988553422,3.0987801539239,3.12361484894754,0.591212137166808,0.577183668861636,1.64558534821464,1.72740254575994,0.260883371932125,0.314100908708773,0.282881579518287,0.27740988163157,1.20015110803359,1.34434278813968,1.57599685758502,1.62528428662609,1.247112526878,1.27697230916217,0.22145107183483,0.214849860738493,0.0276567830228542,0.0243097700457651,0.248353818946505,0.298554429932997,0.31930508291889,0.300432695944748,0.0292694307231656,0.043516175169266,0.90049013816601,1.04461795051003,0.159457478198204,0.185809736046021,0.744152520399932,0.858059061112632,0.605437577194214,0.586010086459315,2.07962113394358,1.82333635416642,0.816057032580411,0.890991845091565,1.47947391500555,1.52984080325125,0.46908536843924,0.470084259431094,0.32852283858337,0.335734812845423
0.116764573247836,0.125999627024747,0.115191238655952,0.121739118713341,0.444637337042742,0.413702563990443,0.453512814094834,0.478588083825395,0.226081162931127,0.23195837594829,0.48749335248337,0.542067080909747,0.718560916946934,0.726360917165161,0.208188540253756,0.235365616864143,2.73482790199863,2.58401589033238,0.541320848698072,0.531866133937342,1.41274973873632,1.5345997603417,0.237143248641877,0.310324105638674,0.251525198804572,0.255208614051848,1.32406148858493,1.38723696660771,1.52636142357788,1.61186042873718,1.26117922975464,1.27726779601177,0.225714871860786,0.21444562613765,0.024095823426597,0.0274739313796604,0.248382416045281,0.286498289478663,0.217507810637728,0.206643572933428,0.0346749653015405,0.046604902497912,1.0284692115269,1.0651606945316,0.158897702944564,0.199084063037437,0.792655658572412,0.925156140864121,0.614136739799983,0.606924863036405,2.22755553343029,2.18329944563322,0.77902575640504,0.817097828025441,1.24050036128238,1.1647144964975,0.39164741426087,0.433778668488414,0.286334072729751,0.303979841259462
0.153199255961597,0.171224728051849,0.133690738301162,0.14060884399685,0.398370438343533,0.418072324545742,0.447915080326917,0.469797287572564,0.252551959448141,0.264189146405338,0.506061811883987,0.537402936395868,0.704441291032483,0.831731362216778,0.223776166070104,0.233462341254213,3.50104625239313,3.31857005310258,0.629620684665104,0.605292153120819,1.58804894148716,1.56566106133559,0.250662533773794,0.317790657533877,0.260384103751793,0.245338056960513,1.36674013362277,1.4118054779331,1.58973573330814,1.64190030169833,1.39313766228289,1.48644602144418,0.23900698633728,0.201476454720307,0.0269128524979676,0.0271697709129693,0.289192126015626,0.343200792809002,0.327476959757749,0.346919370662866,0.0422268452296752,0.0516936225695798,0.950859733162935,0.942508533746544,0.171343627673846,0.163964394245764,0.855125786200056,0.921295359327568,0.663285803922183,0.700605553192797,2.09904744860108,2.05143472788454,0.878581140326852,0.878272746286777,1.45841244633506,1.39542069429356,0.513921449469123,0.479594613987081,0.356760184527882,0.349433531776274
0.138429861433867,0.160865295393957,0.130795725799929,0.142602185771758,0.483606205175646,0.445756625098214,0.508792863103432,0.48720874328221,0.253191033443814,0.280409889913401,0.405835892959671,0.438032980093095,0.627620656192861,0.703175129542439,0.224094218598044,0.227001205448575,2.77732456621473,2.65846638327304,0.546694170482977,0.53049434337457,1.50151118626096,1.57308832795522,0.286660406852216,0.257548619418769,0.222508561097159,0.239055839167861,1.36483866443662,1.37321926958759,1.50764163777672,1.51648122717064,1.10520396535864,1.08888522009313,0.255714249425986,0.219396464723787,0.0273246693569665,0.0269171209558097,0.228156380513974,0.23926340460393,0.289326604826179,0.2667278170626,0.0364587292546709,0.0547690263749869,0.838307867539652,0.867619906084378,0.178937873271743,0.175394926122086,0.793823696516804,0.908988394435807,0.656533946531706,0.586771742705853,2.04155106274149,1.97769544812408,0.722513182697497,0.653688539372212,1.14616962520704,1.13253107740512,0.412634706996644,0.418604229662972,0.311499383805118,0.332640030585518
0.142804126979889,0.151626860711278,0.134206105620642,0.150516765638063,0.403746636872506,0.406011180123021,0.533184015705439,0.494304177630434,0.234426780490528,0.283917542195959,0.604277378313358,0.661464058816557,0.706416680341371,0.793207436743686,0.228798765845057,0.233429830289745,3.16382152858942,3.21292408492052,0.644368357818312,0.619047347852674,2.10127345292732,2.06819282086188,0.30700787631851,0.323349718466093,0.338899311430916,0.303266765775008,1.51961166617906,1.5655802723985,1.77433893057997,1.87930750793681,1.53237331840799,1.618158064469,0.251627298466725,0.227869586008029,0.0291940552191736,0.0281431351809702,0.300774975826349,0.328486659600049,0.302634462633421,0.28576647619821,0.0377224039640745,0.0505457928778826,0.98624501471477,1.05160147569037,0.19511122787622,0.179245790214839,0.917879495911107,0.992244860755856,0.754207977352764,0.672089597256364,2.37961541347177,2.28872376007524,0.948877460885608,0.991738216364784,1.6826283501361,1.58962143955203,0.587013026500588,0.563226261987173,0.469781174063681,0.465507584490898
0.144688840384083,0.174001913296157,0.135877192328071,0.153255847198191,0.384148172567522,0.425132316429951,0.429791035727559,0.447294526481597,0.242809669747208,0.268470540614839,0.524202540869603,0.555677697787323,0.632639479658793,0.771339708486073,0.233719471431716,0.245302974891527,3.27885127725802,3.40717894597651,0.711526460135625,0.643373717139612,1.86215567024594,1.7953458351618,0.278647250796927,0.300086710180648,0.2487932249879,0.2794299916454,1.30149110626996,1.34204915729451,1.73934166552153,1.71251277444101,1.42727705630968,1.48161629959975,0.279172847260284,0.250399403253623,0.0264512896685925,0.0287161496525007,0.29532562667127,0.314413852148002,0.373605704419632,0.327609859275453,0.0367289864123766,0.0515408522785623,0.954444131674531,1.00095856574205,0.184410713387684,0.178523934541012,0.89592891338659,0.96430892365729,0.621071349388301,0.66149905851435,2.03493297203716,1.98548734488455,0.855515009874315,0.819646381665456,1.44141806895135,1.39300014601853,0.522931555267061,0.501848821448696,0.405571606273029,0.352766205718837
0.149728535872115,0.182262547935519,0.126778836442219,0.14859530073097,0.386871068730403,0.420017388632396,0.384367077474539,0.411483370423733,0.23317832665181,0.294815785568429,0.472976082497211,0.425338028623635,0.596604915824893,0.714426679620567,0.197221785406981,0.236746729573069,3.15849032396489,3.08722644740424,0.604926877453029,0.561737148741032,1.71495020731111,1.5044900964994,0.251119795346331,0.265887121686621,0.297562478083275,0.287219074680654,1.32198829228211,1.32484205821949,1.77484162141172,1.71879977150462,1.27020707581952,1.38876055249296,0.212468953573265,0.181510331975957,0.026621311369661,0.0247880486350042,0.242941979269891,0.267820759391544,0.335427440978957,0.305086597246041,0.0339278346454845,0.0544971419449071,0.807888444852246,0.837627302350714,0.194671086040993,0.194097555320739,0.879002533839093,0.949798345081034,0.600855764626514,0.627531798833594,2.02794977483254,1.83609041349824,0.866586061422163,0.863960299733924,1.31180092883681,1.28582414532501,0.510782034916966,0.49818336050045,0.346759378442083,0.332362647034605
0.151492157655758,0.167502185832808,0.137677668291241,0.151712291091547,0.431662862875107,0.454084376283927,0.522202131430649,0.476153211880586,0.251662212485743,0.315126186819219,0.534898072541259,0.602113319822181,0.726964016085836,0.799591080051917,0.236267770304675,0.2676821267273,3.11676366202358,3.03037687441352,0.700603939995503,0.672196700564549,1.89107669969732,1.96940029741971,0.255097994120616,0.32803939260028,0.288252557804209,0.302253903798819,1.63120323305314,1.7587299082349,1.86176045698651,1.8583915249145,1.4823351700232,1.64182552339679,0.282594194719031,0.245559304826161,0.0274134148975168,0.0217926018405752,0.274091301573712,0.287695386942965,0.443701253195155,0.437867664592841,0.0422192040778606,0.0543900071218622,1.16936765443611,1.12185180693219,0.220484325370642,0.219618230614645,0.982258568032006,1.13736239368622,0.766013633539813,0.794030245580391,2.43651518972698,2.11680106399834,0.996436388371327,0.941628287200618,1.40314212654978,1.46804040645088,0.552597476670657,0.593601881087231,0.377853676477783,0.387044761335924
0.142692991826986,0.160120026751501,0.129155804860621,0.142389246473272,0.423112737391426,0.400661285392585,0.428869047814595,0.392786687860075,0.246083232696789,0.292689939166948,0.492652380704231,0.526383807319306,0.706486225236496,0.678196463034938,0.229594303625119,0.236794822789229,3.01129176625197,3.04816123756246,0.642562157169408,0.604215564730764,1.65403373070242,1.85281631632781,0.278199281145373,0.300977571855312,0.300662264785303,0.277509477407896,1.51525771686067,1.46680169676587,1.78727354316322,1.73957411218218,1.48656395687056,1.50592172599708,0.2635087961061,0.236987294103576,0.0299201539928215,0.0284569533006916,0.265007942651351,0.298253348702954,0.274562658845561,0.288522037215239,0.0350234071328698,0.0569359663241267,0.886884793342396,1.02990197135511,0.189730926382425,0.189387445187646,0.869042685658854,1.00693035055492,0.743119144356737,0.664523022726118,2.17076377896809,1.98939678875406,0.89338575678719,0.895551805511042,1.47259974581375,1.5177158357851,0.509979373145054,0.558817453732337,0.397285647824937,0.365892230454681
0.141858438742535,0.158074710777196,0.126721928561134,0.13907781592154,0.377200589286597,0.390775816721856,0.425905107539112,0.491837697191559,0.23983774629162,0.285505038455048,0.496099988046103,0.575492604193441,0.6631899068987,0.790747890511096,0.205718406264137,0.238567261692061,3.75367350094741,3.84590325469051,0.633316865241454,0.576894923145731,1.99825428078009,1.8784662528681,0.295690741432124,0.305277677984373,0.315741926997005,0.31582249963683,1.5974851737198,1.74143705055088,1.81998076978037,1.84421422358507,1.44675500756635,1.63172998672407,0.257743024294256,0.22969530577692,0.0291438032602454,0.030769002399663,0.275314329299852,0.295259694825857,0.397664171138355,0.387488497752787,0.0326973677034644,0.0423820181148842,1.01641888122582,1.08629323289417,0.179727898504709,0.183025592094088,0.940585130856591,1.00070214408603,0.717835577678886,0.675363948307146,2.19302024474856,2.05640524570848,0.880284632428104,0.884299152062944,1.62022612613556,1.53941696631842,0.566285506435812,0.54400456327186,0.4203341832223,0.384366041391265
0.144066504947696,0.180991459431529,0.125423982668706,0.153306497864382,0.445666487576391,0.435645345891846,0.472238238060874,0.530995291592521,0.252449978373006,0.293916235179693,0.479418869402073,0.504187919710947,0.698026041681947,0.812418351387315,0.218936299340536,0.251785455245487,2.99566463763309,2.9567279971624,0.638443973217235,0.654145323569722,1.65630397323707,1.4769680727289,0.261813748837876,0.274557783646661,0.279629402049534,0.266032040192639,1.27852343137518,1.26502072341242,1.67814836248271,1.74034713328264,1.19938279641646,1.3091926618772,0.23811375259803,0.234863314914391,0.0271559250522987,0.0305352501053838,0.280638098316894,0.319936763403209,0.322334178295599,0.26661832722846,0.0236506547312458,0.0363605308415724,0.766450561839299,0.843480494177952,0.155884636102436,0.176581413175414,0.780132018222511,0.961774456553516,0.646750608589263,0.629163137471749,1.92520429768198,1.7565812918346,0.7380230335508,0.774626304893329,1.30507071538185,1.09852681525557,0.470820005297764,0.422445097947426,0.312801156492023,0.290043138593691
0.137554271890918,0.150201229396129,0.124068135431989,0.141275024699682,0.378428897187422,0.400783497745765,0.461476259732508,0.467225234635641,0.234922540408725,0.285382165526281,0.504740101922691,0.557351996778636,0.660321721360391,0.790220451474197,0.223041452381217,0.269352454132127,2.9622794650864,2.93370186471358,0.595308229115608,0.5682752240601,1.67091583014366,1.5789332119349,0.324532457984607,0.308124346003727,0.246236368262625,0.226650116264445,1.35889722977901,1.48063824424661,1.56652253656863,1.62365179891906,1.31620335797412,1.32609383656224,0.202213905814559,0.200778512756635,0.0283495700599757,0.0233429633558533,0.253338272931396,0.30011011576582,0.301194475333757,0.283070406806771,0.0187273975902919,0.0321390093216161,0.79163647778481,0.844935715101015,0.179681825504302,0.195066776356697,0.844255820714813,0.949380225796645,0.678492809523918,0.610336555564713,1.92419922256517,1.94904620456698,0.759650761143405,0.793189244363879,1.39990651952013,1.45055099557764,0.430926369394328,0.431357198522529,0.308736175002177,0.292093041936646
0.135761181883102,0.153673886825846,0.126036173857667,0.145023900453837,0.469983359356094,0.443509429627367,0.507466533365398,0.490627441510944,0.231162337091503,0.25312052702528,0.458887390069367,0.537431974869584,0.721730920567649,0.716953591265441,0.233063195376482,0.259990919498865,3.49876399614616,3.52138885387672,0.608127721486089,0.573343388030354,1.55046934178958,1.55751764019276,0.290382325145705,0.32978325198818,0.26765094798857,0.255840495886244,1.4083007582251,1.39162356082162,1.55170249223111,1.57473908180176,1.25874266053361,1.34102401364304,0.249846150069198,0.223836566072854,0.0287939720606927,0.0251794242314002,0.267227890844368,0.290395008269835,0.417049049018182,0.382191179378001,0.0272360242006078,0.0310532132327927,0.957658746515928,0.961102978177865,0.21018968215674,0.196828647112371,0.850213697671151,1.01713705862362,0.653893679858413,0.661446922894169,2.05814854048362,2.02780131338618,0.779132555873224,0.858065643152187,1.45717049497575,1.39801598178762,0.47413724279277,0.447410002840131,0.315108818590501,0.341746339901275
0.16885693226039,0.186909926368613,0.14176941616561,0.163547170916967,0.458621362197243,0.4799180760868,0.536576501729054,0.53476836320684,0.264742327833089,0.318652725255265,0.618726545954099,0.582294397744616,0.689344568604296,0.810269802156589,0.257351104298692,0.270860344136448,3.47368710586565,3.47964621327606,0.627797609740321,0.582276308299986,2.09936331443607,1.73314731570263,0.348459090098871,0.355197912020721,0.354821207956017,0.32102812460093,1.46922253861771,1.56017025779284,1.87063267578346,1.9111919834806,1.53962790467058,1.67375871489659,0.243121235073179,0.220958177844677,0.0309924297437875,0.0313980702941006,0.274734093285388,0.302461403332946,0.234559534466363,0.241598762814959,0.0245072970719275,0.0446357792581198,0.951230702124236,1.04705667904285,0.245494044286775,0.208237651075815,0.956193408343737,1.08537412446921,0.684803968368284,0.664632152825757,2.38403659595059,2.30074457348681,0.913374177460886,0.9648278685645,1.73513080933855,1.679747217715,0.472249638436571,0.476545192078607,0.36250609890172,0.347649890297653
0.147531446001026,0.165200752548827,0.134969069251262,0.149784641330036,0.498920232460639,0.446144733913047,0.498637754196476,0.46814455153009,0.250735127440214,0.300387807714896,0.458978476974193,0.461924360038545,0.712853871391868,0.830756432708764,0.237306551532154,0.262424390809515,3.73279136786863,3.66610734738329,0.560523575408734,0.526570893724074,1.82539691940916,1.74906409831786,0.29901495275558,0.317623204434024,0.287258431401938,0.286846524028254,1.42455144389294,1.4652631387903,1.62016516782068,1.7568946006489,1.36653987766813,1.44809014362172,0.227691833263587,0.201806668387487,0.0301577954924096,0.0319780060499506,0.281286760325058,0.323669121388409,0.229793695732868,0.236124062959773,0.0366243103952826,0.0456369361673825,0.967625856247775,1.00262619637394,0.193231848659825,0.201597965269897,0.868653949304854,0.947043388574508,0.614384244150639,0.629952369704538,2.21512013677191,2.05149216439374,0.849971226487934,0.792803842638549,1.46535951550205,1.43434429542594,0.480959058759175,0.490749902200251,0.393731500377501,0.386212929193266
0.164881003881732,0.183167006247815,0.140568095455606,0.139242862737903,0.440951403179433,0.417298114052272,0.543041209163527,0.502113768261616,0.246945573573316,0.286189497209122,0.574561928754734,0.610990545244481,0.812504959033412,0.798155960777255,0.250096652790762,0.251905831667479,4.0993374046733,3.99240043111031,0.638563763321634,0.593070121991777,1.87154454263152,2.01457944323535,0.314163688510627,0.314219625211165,0.327525307684153,0.285993713610113,1.49709713063888,1.5673225327232,1.96951775901678,1.87924329602493,1.58448635804936,1.748971969898,0.281357373662043,0.249648839162903,0.0231826688362178,0.0275544169503096,0.284558153641988,0.281811069477686,0.349412056690218,0.355382996171006,0.0303434505106333,0.0446419031068868,1.02307048689579,1.04876359749407,0.203091106442387,0.215911874189447,0.96235251435358,1.00780198365134,0.759337387031458,0.777086904919765,2.39403365459124,2.09461696473791,1.05737031845114,0.989903036304263,1.74105144884422,1.73155286923097,0.62688634995523,0.586063087944749,0.440564244758208,0.482307483856632
0.138971154768287,0.152320818969826,0.133199565607829,0.141574530528268,0.389749044824234,0.408646733923332,0.443168359372503,0.429504036520709,0.219299121890722,0.246703428046311,0.424360639847733,0.472497059829644,0.638501195648748,0.71369599447114,0.220723005538846,0.252695592042253,3.14665329107694,3.13217988164647,0.540078148729794,0.526494213379152,1.54353091801826,1.647700885784,0.270416523411644,0.272110371224479,0.269249320576982,0.249639059000692,1.23059585618564,1.35108425642922,1.53028925039951,1.49597840693769,1.23762914131305,1.25897037320072,0.218626379046597,0.197608067261287,0.0276401185810737,0.0281468698298795,0.240241761440856,0.267539075222017,0.199189446556369,0.199972649876875,0.0359339615549626,0.0446461782772494,0.734012541603069,0.853677128080785,0.171204873073951,0.178799936148408,0.838951213541941,0.879084531730512,0.582539033338089,0.529172213221227,1.9454724452644,1.93214983382449,0.66517377521706,0.677213525530344,1.23248750626812,1.19914508152164,0.398902364132421,0.402998599306977,0.314417320900711,0.302859711303344
0.155297998894252,0.181062165235967,0.141085459008431,0.161939100838883,0.416067759410671,0.433801464965127,0.485293708219883,0.510245578937077,0.258420664578847,0.309746058900411,0.516649055773022,0.60046276857151,0.738794932142764,0.835820783929596,0.232394446827626,0.260283204758126,3.42642909748833,3.39848858992681,0.61861784319224,0.591277341015774,2.00163715565933,1.76131462619368,0.334100431340512,0.287009126982219,0.324150079657044,0.305541851687668,1.58732071747764,1.62489788507575,1.90529347125054,1.89664273907451,1.45224216986676,1.68180366831197,0.256381700116905,0.243511834459306,0.0241587343313583,0.0241208223973989,0.224768940807803,0.251438129340952,0.264639431655263,0.223512124985239,0.0332487561727337,0.0376317710150975,1.02452418818058,1.10817799153356,0.182199110869403,0.177744142347111,0.922636851252234,1.00187882007713,0.744481890775729,0.711506297798999,2.38312875370337,2.37549921105198,0.956665988321362,1.09516288755607,1.70648216303986,1.70040013457611,0.571731728250713,0.552273149818704,0.414802444675297,0.396340683744067
0.157981434495563,0.18381190409597,0.135514059909852,0.150483591727056,0.414941559305599,0.402021888838476,0.469315789337326,0.502856065939102,0.24880125944893,0.290092398869124,0.561818749104781,0.605394120198604,0.721417621658135,0.77013361797246,0.208217885592236,0.225371171359283,3.42917821308294,3.35064721805321,0.562348636598623,0.533451271531724,1.94180144846714,1.76677016611729,0.274417724033097,0.311893280273594,0.312676243854845,0.284499406787255,1.55991411108534,1.67636747532276,1.76033229850705,1.73952082516382,1.38062967865021,1.58846118893189,0.31565593709772,0.305614431202789,0.028767734749,0.0290265806806864,0.283680837749746,0.333351473295322,0.419842612740955,0.349805220786647,0.053676053362493,0.0757971189812058,0.930841480581579,0.95281258012926,0.186642282157628,0.185832800247966,0.868823906980553,0.973230025081104,0.724982269668575,0.715725294643866,2.16728783590124,2.00984061884219,0.828617975387334,0.909772682508223,1.46582149260942,1.36787646962757,0.603559253014737,0.587349356312597,0.430769854825551,0.430610351800719
0.162549803798556,0.176181258642003,0.140397578536165,0.146417567737937,0.416027975883628,0.401137448265866,0.493389163000543,0.462840990249612,0.239766624219176,0.286343178846557,0.523396888043344,0.576258650412242,0.752158402102131,0.743026155376751,0.239798247117391,0.243683506165923,3.7120463560066,3.70752530854361,0.716071315812205,0.661682999303262,1.73591865040386,1.68384140131529,0.294813908504599,0.250587831379281,0.296519706106953,0.28831659534671,1.5258422182277,1.60927457117627,1.75907667681663,1.75478411697504,1.29003963608377,1.36931359549659,0.22017897252451,0.202916267472009,0.0233824644673245,0.0269051153157014,0.273231801605933,0.307372638804865,0.39654811868495,0.354474274173489,0.024724710510821,0.0334927815335064,0.989470380940779,1.01395157687535,0.185871604373738,0.193732200771943,0.89733870032258,1.07322761598597,0.784222018120044,0.762035858627168,2.30219440078556,2.24991251674871,0.807621899469333,0.867288408898627,1.38266223319029,1.34478563044152,0.447327964132372,0.483960804758864,0.341638327911736,0.320457317698634
0.127439565545247,0.149671118214526,0.129388260474652,0.134740515518511,0.45341775615799,0.44810832095408,0.462716419170165,0.479133014773776,0.238745956772102,0.285336350474049,0.474099057860643,0.527686154216701,0.719037011222223,0.755293086623521,0.233529011313199,0.268633454637624,2.5476123941891,2.61618562437093,0.632223116562143,0.603003937760955,2.06878169231325,2.00666820855379,0.226358204603588,0.321815917068746,0.266834620182675,0.252833612574803,1.39244528734206,1.42912283778267,1.89120935304811,1.84421361686412,1.19851162145692,1.43225266101649,0.316167613748518,0.290507898257605,0.0262692757036176,0.0291973338903655,0.320095661116828,0.363127313804826,0.3166968384494,0.305972821032129,0.0389198162199412,0.051646807128297,0.862729102950128,0.841455565298802,0.187937569445022,0.187671152819401,0.876784114625771,0.956011972156273,0.626386243132504,0.641831876484555,2.02343434531561,2.00583150738791,0.80663085298352,0.723938232582588,1.33551085680366,1.38709774860068,0.540158510471156,0.567489941336861,0.45084249051833,0.42916680675785
0.153780400662753,0.171326592468726,0.130547813133722,0.144036805556603,0.455316573236433,0.447187973543044,0.507291676938828,0.534093549870298,0.249833946664022,0.284426270882724,0.552011418589725,0.568796719073636,0.769775859735603,0.829836900056104,0.285565452326663,0.284980832745664,2.83918619194272,2.72699526767346,0.651489711678322,0.563532874117139,1.70587688406667,1.7660048117803,0.300778042999839,0.350023169057306,0.307789600378854,0.28869349414666,1.53435630092801,1.55642809560473,1.67724776046451,1.71047759992651,1.30367157915795,1.41217752306843,0.276492144344304,0.247965117687003,0.0252378064326,0.0242487653565663,0.267395050004921,0.273477817531552,0.320918568204277,0.281082417567361,0.0472390215823105,0.0669569882634867,0.890998071889098,0.98525878870145,0.186982142687975,0.189207019919158,0.904484869468027,1.0244812320262,0.731847965957043,0.648052127750537,2.20855035156384,2.12293864352852,0.870608512685229,0.877308913752956,1.51674176218251,1.51154653292667,0.507799319765129,0.47734504856198,0.34739755274067,0.371599859226306
0.156715856344983,0.184865624167119,0.131091526218938,0.150299259068048,0.393331937379663,0.392719969101996,0.482715199771625,0.496882375122799,0.215385744804635,0.267133910014454,0.501379966269211,0.575911297609816,0.624686823621308,0.819383774565193,0.176332255441048,0.217002430814102,3.52924446351594,3.57678316886373,0.570623073503131,0.590831810306689,1.89549292622179,1.66877266476339,0.303127736901058,0.30321255572198,0.315613593444446,0.301779007891867,1.37275905395635,1.45603221387986,1.70057636738868,1.75499026974387,1.29356455172337,1.3858809330131,0.215083213022403,0.172818779034979,0.0257968157029046,0.0227230067508825,0.217307059562544,0.262308074585404,0.331288062243971,0.296353682470338,0.0293552419871066,0.0388925550373856,0.896170546366185,0.854499006037261,0.170653791669678,0.172174347516625,0.804654662373768,0.927581196687303,0.709876981795593,0.64210244286134,1.89571706527739,1.90208193718302,0.75259692010251,0.806319864524101,1.41570963787558,1.43706105455209,0.535939987018558,0.491333990724178,0.388119000538448,0.391117516141458
0.151778931388465,0.158062237440594,0.134714521369044,0.132652983949169,0.458306464594095,0.444858167994445,0.538767285484699,0.46906372995341,0.267931484411607,0.282802462357454,0.509064861310391,0.565590386036478,0.729386577959465,0.775239827047027,0.245119378492839,0.255265921609602,3.46521648910059,3.5477433460623,0.613046550390001,0.575706323236155,1.68729214298583,1.76473570201535,0.282550589777724,0.284425355408581,0.313530680801212,0.283019453163287,1.50924685765529,1.51199570736408,1.71602930483921,1.77818238071903,1.28455763555199,1.42452706948054,0.212613674766616,0.194889648566504,0.0268827002993383,0.0258364009599494,0.285863936301333,0.312805346610266,0.292056425453929,0.252319470248938,0.0174860023479835,0.031492705398521,0.943741844310488,1.03330339117138,0.182564413929755,0.183146545218068,0.843249618262936,0.962736105030439,0.681309246214394,0.613919937509665,2.20038424590623,2.03230777573274,0.897832547317446,0.893893137110256,1.59259745598044,1.63637657372802,0.565421126702623,0.582116929545385,0.46238148752933,0.451529589919598
0.133225538336383,0.166295414350035,0.116151893670801,0.145221274919525,0.386114726238893,0.404629474002325,0.423881379515807,0.451328505562966,0.20660340432541,0.294077442929569,0.465598948591007,0.520649375812939,0.6476879074468,0.73192426512289,0.186820239367999,0.246478245531515,3.04729671494395,3.04763046565393,0.595680575443809,0.619760970189404,1.65876441332023,1.57029171829344,0.247290269490114,0.292167803597368,0.285962280097341,0.272455016584563,1.31674181578414,1.47208703549671,1.51451475214669,1.59059674687978,1.232446474729,1.3227963615184,0.228788918901815,0.198018543961833,0.027354168861492,0.0290456976331671,0.261117515315925,0.294341436716498,0.288758342747893,0.234145889051176,0.0246104094777247,0.0438982166167083,0.97167055528125,0.921298205899978,0.165753851582156,0.181006499762554,0.810090623422772,0.892339386718133,0.6162148564538,0.573175655775609,2.06947927844464,1.98941182071074,0.740696197297549,0.820790402439795,1.342292333996,1.26164475036093,0.468274834527427,0.445542310274549,0.365218065502041,0.34522103519488
0.156985916288557,0.179478206567838,0.146525184394144,0.163369710155211,0.482712239296547,0.475480010225851,0.532678097511282,0.480022290957848,0.270958834299031,0.322710207332107,0.509869686278803,0.512991981608175,0.732397846923297,0.805143427416382,0.232222261735619,0.261747820186528,3.61852196898748,3.6165723199722,0.677499996765854,0.592586656495489,1.81866934081052,1.72045949229831,0.312764316155616,0.300855487391944,0.275781253616354,0.25563784659024,1.39930915438242,1.49030034325754,1.77528433484817,1.74782183331468,1.29610734697927,1.45667054378093,0.287840373517937,0.277325010909509,0.031562987284123,0.0292992564481458,0.347119899595677,0.349285608180291,0.299907289361016,0.305996325348517,0.0416033986787341,0.0507954690682374,0.937691058736984,0.863896320939045,0.191340988062882,0.185085440572139,0.864049564136057,0.984022588242722,0.696920519394468,0.660751764731597,2.21248604118658,2.19137307597309,0.841336400820973,0.913021525668265,1.39048042950032,1.4197637052993,0.551389553674927,0.539484424796319,0.375556699277274,0.432416607947167
0.139855380553818,0.160706316779565,0.131546671533762,0.154634419679824,0.416697949894387,0.442408750964351,0.482911317577528,0.487181401437816,0.226337295952013,0.260908539756817,0.523422832618873,0.55448369202489,0.713753998688543,0.824518437012212,0.231000255677644,0.231088270232652,3.47990340161636,3.42182400914922,0.797225922609987,0.716184519824097,1.76065837179426,1.83236855350195,0.26125842798601,0.336454828527185,0.25552350089328,0.264737649842306,1.47336112131542,1.58751039457917,1.79110353872163,1.77764772818021,1.38750162245045,1.47689882933324,0.335448654561123,0.287680929515387,0.0269881111300869,0.0286834130583719,0.337455767695386,0.36921275161507,0.407754544687698,0.371589339531221,0.0529501950832666,0.0608277210722905,0.962345938539884,0.933952531522639,0.181240094115558,0.172286679036469,0.801882943923102,0.922403091701623,0.71591991911977,0.66910243379183,2.32660067218829,2.08909735761146,0.856220685928864,0.943517740104326,1.44590360017274,1.36293017163638,0.479726495376738,0.521279567369211,0.400763221084006,0.384467613957903
0.148214739741932,0.171160761712452,0.140805600696733,0.149074230235427,0.432513411136622,0.406719247511747,0.454541966969035,0.452727093787764,0.264805881106087,0.279551503599023,0.461878568780687,0.502944381726961,0.652368371284635,0.767652885902451,0.251601530207065,0.24844697169534,3.59245380090817,3.54267056311211,0.610970009351456,0.588938471528144,1.74082559437622,1.75547326247579,0.243167012105864,0.278372852572282,0.308857603817422,0.292111739121729,1.41256432698336,1.47548003730965,1.71640547141018,1.68397634609339,1.47702306152397,1.63225511347251,0.246626626946495,0.226092513673326,0.0298128675071395,0.0293124560000289,0.26438504933098,0.31071892240318,0.351546531774868,0.363758503713438,0.0445265009180828,0.0604087848312031,0.829464300160561,0.824003371033439,0.187099048424162,0.200040754776819,0.907083528817448,0.952933901989695,0.637715848880199,0.600685933294135,2.05366587364946,2.05107841532204,0.974876658512756,0.907361027252618,1.49027397059285,1.51105520561046,0.503263169518782,0.504345432844147,0.373809730548933,0.32880001714008
0.162100756802349,0.176073667443009,0.145649211823718,0.160658892923436,0.470324113960888,0.448866336530075,0.53382714341538,0.504539991937603,0.262026506633163,0.289334026291239,0.611105976286005,0.592239629145203,0.787694947629738,0.829142812843632,0.248368778448436,0.245943775749904,3.20447549846444,3.13130176266188,0.695273724566935,0.652539294439008,1.72354749220431,1.89993788148,0.324638713808689,0.278439126486596,0.351039939013738,0.312310330835596,1.46381597468905,1.58525426265947,1.7053400535434,1.75783140388602,1.60351408425421,1.56206863686848,0.248360060160536,0.228713054027717,0.0302880162212418,0.0274775315155833,0.308316295997716,0.334122750172189,0.461739345240616,0.454038216687573,0.0372747598575593,0.0355975742641836,1.02979302719292,1.02074146387436,0.202877758943801,0.177161244373701,0.903980292595892,0.99244537371753,0.784132654695404,0.723628497005708,2.21799478846386,2.19681392556606,0.946681917610703,0.936659660809129,1.57815273393871,1.49323190922584,0.49025978347464,0.513669895937263,0.371540012710847,0.371039617558015
0.108029934195572,0.150999811264945,0.0860341978542665,0.122867488226604,0.298114013577794,0.398529437409982,0.40299130951345,0.523920708335555,0.185046516396456,0.272103800771189,0.537803630459882,0.599732702379692,0.671908524667391,0.8825168792756,0.203147806599009,0.268875951703653,3.34428693283284,3.34872009955472,0.607585454071514,0.630613595893234,1.9437482179506,1.92561223965425,0.282893737389802,0.348372034131911,0.282967859256566,0.252475019998557,1.53908109713628,1.68041201397247,1.8646667304638,1.88462004826068,1.43928982240293,1.46828183597633,0.258394902567082,0.235062425132591,0.020576615119806,0.0215461079820574,0.268889783642236,0.307075148225851,0.277777525730614,0.265282336776616,0.0225169313789532,0.0406282844296402,0.897740595689109,1.03943567382443,0.197739958792865,0.202687494640381,0.963654219575278,1.08799546687319,0.784962652982313,0.78293150629571,2.30564873293362,2.26090132703781,0.861053242186999,0.928872628085923,1.4904994560416,1.51712703739985,0.539840002891657,0.58596828429669,0.505633896156709,0.458498164587273
0.158532481837905,0.168406500652791,0.138639475538105,0.149234529110162,0.427820287502574,0.416928318751815,0.452339671153539,0.454064191085652,0.260089315224907,0.294983929233917,0.459459203124355,0.533085958840518,0.708740553666784,0.771791398411381,0.22768033616754,0.263437600323911,3.22002806603186,3.35405027146365,0.617878669604264,0.582879453555055,1.74263180744037,1.63931306753169,0.255586293990784,0.293979065587384,0.306172019647822,0.272363171316889,1.43836714843082,1.54800910753317,1.75890389935979,1.74573125512091,1.2653088232156,1.46254022831866,0.270553259525265,0.242803034564307,0.0290936772340686,0.0301199570228636,0.274083724199182,0.298429095299792,0.317858812515237,0.266786502502351,0.0429448113735521,0.0566268050554076,1.08283101149261,1.08411675162693,0.172917586106195,0.184101169416167,0.831623126619137,0.979766659127765,0.733322545909039,0.634448962670245,2.0602012026387,2.11130903738889,0.827352886436847,0.926703547337266,1.4557223794051,1.38202137504314,0.482876068373954,0.509897999545379,0.361037173138903,0.387204410503712
0.13620141773662,0.156849586445917,0.126534601048527,0.133492557720423,0.436532247695662,0.392158684767503,0.478294049963354,0.457250374852694,0.240575188395875,0.264605815983161,0.515693864620878,0.548461194044332,0.75446386900421,0.797171357758131,0.254300407726757,0.266794969321483,3.70766577919929,3.60787384276796,0.624238062756235,0.588318946294133,1.77655327821327,1.77765015432591,0.269940078368679,0.233409904625427,0.303957075746774,0.283174745962842,1.34392168448974,1.3442516554114,1.71643046988405,1.70252160234897,1.55324843162612,1.61266887291464,0.254777839858286,0.244796390275499,0.0303072076668793,0.0259284534037583,0.271560139535484,0.287577242247269,0.329224362008836,0.350764009483186,0.0310067122288477,0.0407147100084059,0.983038134359061,1.07059188887609,0.201582492368011,0.205077689497264,0.878880428664798,1.01191692818761,0.655535743964887,0.643101250153798,2.11882357273472,2.06364879570338,0.945803446401838,0.973700525613639,1.53000268330464,1.54244678875726,0.471030582558001,0.487806278189286,0.360718729993744,0.383556390245945
0.171957627382251,0.191637564036625,0.154220113958043,0.160286854567908,0.451294430343965,0.390294229645857,0.506379616114538,0.456149940674383,0.27489750027524,0.316622218748558,0.523844613828807,0.564414491196813,0.708111930634708,0.826729792358719,0.209359372969487,0.239363182689812,3.77648814321693,3.7889446182688,0.613328255711375,0.594076471239676,1.70326820840772,1.69249576224436,0.347935640270536,0.284653570021637,0.314514369414716,0.279548652534477,1.47413634620831,1.72684574004034,1.86655587168293,1.87565538670286,1.52056826945215,1.72268798637663,0.222208997957672,0.197288119303647,0.03120595803278,0.0321892217569479,0.274806532689514,0.301088268024694,0.337076435536538,0.319654600380993,0.0185845502672265,0.0300650408342476,1.00157856784255,1.02742281746947,0.20728190335104,0.190826832927289,0.883830999262991,1.00487590971397,0.72849204208947,0.652015230048591,2.25488615590832,2.19966125258488,0.972763140500291,0.921075953577153,1.60275168417659,1.6343582166988,0.556384627722769,0.574117873591142,0.41326072952322,0.397888509071166
0.138872411581032,0.167049200784275,0.137051812199487,0.142876768644255,0.434964609833109,0.425080943356165,0.539853050529354,0.485565957375648,0.250112935684239,0.281494578858342,0.436780870559826,0.504949164810486,0.699955606566014,0.755748732720522,0.259179615094663,0.247302656004816,3.05663011425195,3.03199926131507,0.660086988348325,0.578626100582731,1.51219824226903,1.4769576264612,0.231150567242773,0.311681737353259,0.260094160012153,0.269632623760879,1.49117805670168,1.54302084325572,1.59080459170096,1.56634668081025,1.21273427697158,1.34008491734313,0.318738624660941,0.351893715746842,0.0307422744360424,0.0301364440395289,0.315219506796576,0.358399163663776,0.293876229050745,0.342451796823028,0.0373728524622181,0.0348208918050465,1.11372879622753,1.08637596287692,0.199321181835795,0.195569957222758,0.884549399029079,0.992168707689981,0.65761692007526,0.649385687639211,2.14631579491467,2.07689837959978,0.874718840098692,0.948416450787317,1.49976931090537,1.44486812741326,0.412799855278237,0.454487311761122,0.2638667476825,0.309089231205527
0.16525115605966,0.191045040721774,0.151379113606707,0.166693458533148,0.37374085078352,0.40256654848464,0.436548173952306,0.455659416434329,0.246559766648915,0.284011414082012,0.491025117067042,0.514587841623848,0.782646240122471,0.769961747126926,0.226276116581437,0.227548388080744,3.02934576303202,2.89098318049751,0.622717047602722,0.59331425336247,1.81110167654901,1.71015588256331,0.294614788756121,0.265101989943061,0.300544815361791,0.294262552987846,1.40980010142393,1.4076251989264,1.71920291575351,1.7635147642533,1.36269137423469,1.41248547670199,0.285251446387958,0.251796541357283,0.0309490990808815,0.0290994857895231,0.288581302635281,0.310144115714451,0.231288740895499,0.205901552496245,0.0486401443634329,0.0556411596706518,0.894372239332771,0.869849929219509,0.184154315265383,0.193399823526498,0.845763113615852,0.953965806281107,0.637208861248591,0.590836116147254,2.07181930440539,2.12252268369576,0.845835526890136,0.860373219722372,1.4936826283065,1.5364702596818,0.482430257622087,0.462870469121513,0.388264466835322,0.34934946521141
0.161435425592242,0.178889233698352,0.144027786151473,0.160857227121522,0.427249046594708,0.435997993676038,0.448293300943847,0.496235273867512,0.265666390188679,0.291021614941995,0.509655023657174,0.550627898824619,0.605046320042588,0.802358982734702,0.239132385500394,0.242775912436159,3.42182406533429,3.30478493712167,0.641903493903532,0.606957326184322,1.72384293384291,1.5503636186553,0.256166897225681,0.264724962168883,0.27783743393147,0.255844433764408,1.43035553393781,1.51764709899121,1.73562685295065,1.68997090848798,1.35140830761179,1.40472594524783,0.275954619947197,0.242807899146919,0.0314907118461827,0.0299809296818436,0.221452895184577,0.256181257161975,0.310594529215119,0.335628780278771,0.031359253927328,0.0367170650289906,1.02809913207252,1.01709676942071,0.190914881709585,0.198472291536165,0.914766624433776,0.953583869597641,0.694117197058137,0.705506795020564,2.18149898172344,2.12816817058227,0.899808662636591,0.879436945325246,1.49224561766965,1.47128863013251,0.463347842466503,0.476557948003623,0.356679359095705,0.337664237518631
0.142036733130111,0.163590012133291,0.1247321104495,0.148224223513015,0.408550070367786,0.436615366406939,0.481733226838206,0.478308178241773,0.255180543027001,0.309768464555012,0.578021438726416,0.605527417268688,0.693024986726599,0.798041634063445,0.2459519538359,0.264303060832145,3.26565195775356,3.15140191536741,0.583060855014554,0.585267123790884,1.87807344968457,1.69321947736678,0.31472406682004,0.332445847436511,0.321356568609779,0.322646710744299,1.61689005115154,1.74754297713896,1.80401831216999,1.85339148621311,1.59687520489695,1.79169316659646,0.188224904678729,0.176417754841538,0.0231770063862328,0.0216049990955461,0.206792813385229,0.25430891903026,0.299236363970279,0.283081655163901,0.0317752762016841,0.0534071513862899,1.0249597241306,1.05684710470292,0.210534611080391,0.196561337790419,0.898691347794372,1.07327595777432,0.715844886621335,0.636000228404729,2.42026706419641,2.25631061198258,0.983782053685907,0.993122666079134,1.54512073707709,1.5658737800742,0.547866456609328,0.545594494293274,0.358985459274512,0.385923620948266
0.174214439315749,0.199152889928656,0.14853446010193,0.151514876214173,0.433928467144985,0.468667115440203,0.477168208731692,0.526528873608326,0.255031808108821,0.320483129942244,0.597660915389627,0.606954705345682,0.764607782005645,0.815128442357428,0.218192034555603,0.26171117687298,4.04093379278538,3.93388048043061,0.768204726188246,0.701260236586266,1.94789174337857,1.8377122162995,0.281845633243649,0.257880425921675,0.320448744996065,0.307353799268816,1.48915273292684,1.49025881866387,1.87818031431513,1.82884925783037,1.43807621288106,1.50588934106811,0.295310927708652,0.260854990311603,0.0310381333693502,0.0292388112545081,0.315164608058808,0.347558313474139,0.409531202511175,0.355518698418747,0.0404591763616316,0.0506987127604284,0.99631569143875,1.05271789408617,0.219343108968659,0.216190385790854,0.932777833039864,0.954507803585394,0.722074479681619,0.733926117492087,2.30046308543752,2.19537373291317,0.964428673811346,1.02569631185256,1.56343212093037,1.57558883995714,0.591941065146976,0.595125721769745,0.463202525426531,0.455331858686142
0.157315997608444,0.163425465789863,0.156573418850907,0.170145239539315,0.471868268789291,0.482318287831067,0.553349785737424,0.549196778915936,0.279505575171026,0.312138893044914,0.504038208892513,0.533885242711049,0.760081502507062,0.76619757879759,0.249656861344771,0.255251444303803,3.11991753287862,3.04562073023624,0.619484336696091,0.580461355058463,1.48914300019129,1.57132763139516,0.240705965635908,0.314172157572078,0.252876297927205,0.285507191165158,1.24044269155253,1.41361130071121,1.63328196503658,1.641912965847,1.24155412945284,1.18714244477367,0.205175052646909,0.1790488006799,0.0277609232642854,0.023665609523125,0.229703796728954,0.257450942121269,0.331756403362761,0.330569611949342,0.0164568301191517,0.0257367558492573,0.810310862624409,0.84901740938823,0.181795304578681,0.169362241746881,0.8411239907995,0.919858276769052,0.612484119458001,0.622935879500436,2.05751061492675,1.85065085662704,0.706598680222984,0.711772041119967,1.17426024916526,1.1945289858341,0.416667312841288,0.49113544810025,0.286053854362211,0.296193431375861
0.142505721217006,0.163087816639746,0.138911086685161,0.152624680921761,0.444622256838297,0.463460503647028,0.50433849219252,0.501182527883653,0.261937968651685,0.317355452369745,0.516746520037437,0.596698843279167,0.743440645002723,0.83266618570801,0.22817875812242,0.250825744271086,3.12156447196154,3.07967467047568,0.636551612683057,0.563526540610908,1.89255407697302,1.72707125858141,0.339728067743185,0.36686988941859,0.278509064307561,0.270390978724251,1.51197852387244,1.54783828089458,1.71093305591584,1.79906434227104,1.34491559563473,1.47756711779628,0.273014894772214,0.254156742642511,0.0299369071925031,0.0290650128049529,0.285112188677286,0.304007081303813,0.267287560803842,0.253348350696659,0.0497305463961932,0.0549550751015521,0.991435878864031,0.94759792066853,0.211145710635761,0.207377520126531,0.878626243375886,0.948964610348228,0.629477549274937,0.664852286433391,2.3161446988924,2.13505318117545,0.8316482685571,0.788318439247068,1.58967032918569,1.4273721973285,0.524751830510413,0.530541666225133,0.40007349075802,0.375434061500422
0.140490552674182,0.154086190545558,0.137654080907538,0.144737392725714,0.398344103813921,0.384063557370326,0.461381714592934,0.461688256310957,0.245576043912995,0.267151248738316,0.467844786044181,0.55535138702039,0.64760208633595,0.677124116557568,0.231594294980492,0.211995986030637,2.94593618060503,3.01699584503038,0.647776885155902,0.61691872972434,1.50795936389975,1.55698654190448,0.244301085537898,0.251490607485759,0.268154543120623,0.279305279294118,1.35788255519651,1.30725839890987,1.59858190470469,1.51304693224045,1.12643683423341,1.30575279648879,0.273034480848622,0.243065708291332,0.0301377635039937,0.0300347877256316,0.318637506563101,0.345340929632253,0.285575078396684,0.266198677984547,0.0508619136910905,0.0561910459048525,0.931560626924808,0.968868192774524,0.175462888183454,0.182295251966336,0.831454221275218,0.894813686343061,0.652860970852835,0.639684920111386,2.00185034637953,2.02758338438456,0.724464883679045,0.747174005549546,1.30276109863314,1.27539329402643,0.506021527242336,0.442986244992689,0.310944649945102,0.30247693662621
0.145083474051246,0.163415575808548,0.121298375947552,0.137267951871219,0.422831731628286,0.413440336577748,0.458812480713642,0.449223663419168,0.213457697864286,0.275987191073148,0.531262424949287,0.491620658143908,0.660431843095083,0.739257415840846,0.218656327705316,0.232265806444527,3.1185171183934,3.11161502422706,0.599990349877169,0.568135941635033,1.67133087154575,1.57476160880149,0.220481483559178,0.268425435397422,0.258939235983306,0.263301533709968,1.35618101644908,1.35002240464224,1.48881415060198,1.61603163330369,1.31449061392676,1.33501695110303,0.236959970620503,0.220899800353596,0.0260749364467352,0.0268602297449053,0.258192891527798,0.287157917085729,0.303423032040253,0.303389258865086,0.0397587461062772,0.0458367101678254,1.03602990770001,0.94015176703757,0.182209351586742,0.174414285228669,0.839327452060589,0.89730440790404,0.619363282462914,0.658741139042898,2.0921052703387,2.06894610340696,0.815490248492231,0.79209612754777,1.35912826971713,1.3984554222799,0.403971193830332,0.440439888543652,0.310678665150553,0.330162308733364
0.166358308896467,0.188005370859727,0.14520402173808,0.153820650027677,0.487856941569025,0.486157449347911,0.567112445930515,0.532271459959933,0.279208721233993,0.307520567083265,0.526818864731961,0.580322178834646,0.703212094940487,0.894103538686766,0.249338786046483,0.28253603241408,3.56660298247903,3.54786306435949,0.641187858953004,0.596243649088169,1.78879554372382,1.7888852197868,0.281056023673996,0.334911084668892,0.316298891143888,0.282544007447871,1.38537750775722,1.47081001884455,1.89332211054008,1.92673440910027,1.53706685189601,1.49563569752936,0.316851495732063,0.291694001120119,0.0282696618814542,0.0291706357768184,0.289243289428066,0.33451135537811,0.279833896403801,0.26256753212684,0.0406631075672129,0.0605081430110885,1.03116789490807,1.11434955847206,0.229104920599388,0.215961547798563,0.933161224638057,1.02995120577166,0.689473626139113,0.70640663731091,2.28343536312233,2.12653905282969,0.964647657558891,1.01803060237696,1.57049460728626,1.44578265843002,0.517035545017767,0.548391310499559,0.391827353120469,0.418728920477933
0.147111252608625,0.154916266145793,0.125943183556831,0.131462091910754,0.42255610122248,0.378178083537168,0.471811025767733,0.408255375213377,0.25743219856143,0.284032156788124,0.464484499279423,0.563528458717528,0.72077340795428,0.758579332023949,0.243742329144392,0.252192974696873,3.34601186192139,3.27915576095079,0.647375346309284,0.618054670340174,1.55804205250894,1.77490750827381,0.267189252488629,0.289256206393535,0.307797975089866,0.266495058983205,1.40181070248385,1.4320419756801,1.72309128914231,1.7313113416035,1.368938685563,1.52303995725224,0.210576161199528,0.200632623995253,0.0270145109527112,0.0268913032572248,0.278324220091983,0.302583601678022,0.307588325199162,0.312216223911854,0.0367324855280452,0.0405299756275023,1.00613277679635,1.02252457218422,0.201710557228111,0.187343002759627,0.869034680239379,0.939354524700571,0.797244149749169,0.726055438649695,2.18167787241688,2.17017642095731,0.932994965433871,0.897866587969603,1.36943243822376,1.46948917524435,0.516359194522482,0.485266877257082,0.371881793184196,0.381277835156264
0.15207654131557,0.170278733540131,0.135991546205504,0.155698208495098,0.414201237147706,0.439231350809727,0.466339406109996,0.441642468560318,0.263314498984544,0.296482942285103,0.440234173239709,0.523510900606039,0.656036291001352,0.726093241682503,0.231839641959749,0.258715107474175,3.04180722147069,2.95297784724874,0.639668007197924,0.607641816342599,1.65355550299345,1.77911215661797,0.281140187183239,0.280558299732318,0.278562192547561,0.290442346323863,1.3358722736151,1.44970018605442,1.80296969452121,1.83566311342822,1.30491477009175,1.41717870166368,0.243576888613926,0.221284512785066,0.0270129114107699,0.0258868775503995,0.298633969347872,0.31821075124168,0.3105800451372,0.254757234163951,0.0459336622715597,0.0586773723580577,0.947632211681651,0.962258274898633,0.187309328090007,0.186099799676053,0.875090411972434,0.955669813894649,0.625529889208735,0.676541721233768,2.18506270708781,2.06432917272237,0.842622044814425,0.88496558686248,1.55926959821746,1.49757547324796,0.501320498296769,0.506094683982011,0.392995824806982,0.379013553450111
0.168063110080083,0.185065864753454,0.146083060101858,0.148593153799802,0.422612926990023,0.384365838103867,0.451664083734916,0.504987532921594,0.252054207738653,0.289097221395859,0.513874301807607,0.566577168033175,0.798865200497271,0.843057182262083,0.259003438174643,0.26313016144342,3.51682675903609,3.51780088965404,0.649927540062825,0.634958978936142,1.79287174043054,1.75321403614081,0.300516931818201,0.319883862326837,0.311228850529183,0.300114980659054,1.46491571033297,1.47053282739682,1.74436032172048,1.81715796090132,1.60648530116182,1.58640416407464,0.248905281281068,0.213230483115487,0.0296678150283276,0.02917492103465,0.259811114521917,0.281725684893447,0.341259846889591,0.36915855125964,0.017834234441676,0.0338884803000229,0.989079850786346,1.09221469642769,0.209409827102525,0.186297548836185,0.908125750193123,1.00015612378366,0.722595121400565,0.651508696761359,2.22739554731569,2.13502059726191,0.96973840826201,1.00782549114593,1.57924385942311,1.56221009118866,0.453173114551126,0.527172172344735,0.392173343120685,0.386831861300302
0.152864312022981,0.173134238499138,0.139664825420307,0.153335455316874,0.418921486673284,0.455359316803382,0.486953527283111,0.500816364907607,0.2704470038722,0.319659679822449,0.50465863881977,0.576497203134361,0.726064296068261,0.763691093706377,0.227034602862659,0.256923761014303,2.90183470968941,2.96184435137317,0.623481411892445,0.605788332141646,1.66545317189802,1.55585698165141,0.270171694036363,0.302284667455188,0.305682620658918,0.291272599553923,1.39494069037827,1.50103169207573,1.83858199690779,1.83595548017099,1.42282596134231,1.45452147482417,0.254362192040113,0.224689375391378,0.0293814819529744,0.0296462203172672,0.252394093632952,0.287801713800072,0.364075399307998,0.349919187018605,0.0167217855633376,0.031444756848609,1.0325269771583,1.03588236285063,0.198612207898378,0.181277376412537,0.848862586857578,0.887090696150806,0.723655163314055,0.801453926574565,2.23719845295612,2.05978790794046,0.905459371218906,0.924140880059979,1.70403190368789,1.68404002674011,0.569717189694658,0.549550649289047,0.412002534061776,0.383550853305233
0.156900557550608,0.178513062868123,0.133799308001595,0.144656353607526,0.437851788292776,0.44623489969383,0.460221038922792,0.46842686092747,0.278278691879592,0.322150637339862,0.523716629162099,0.554795374583462,0.711018727358414,0.806161348588021,0.273585420706131,0.240117011923677,3.65871328375736,3.64671106895883,0.629340396710892,0.603112307173835,1.86933183097159,1.70901183216065,0.333861741166214,0.343297992560526,0.337086441615441,0.323345684170356,1.43996882594025,1.50973270444731,1.82991461332738,1.76756570866825,1.27155951662249,1.41164972697838,0.239303868898032,0.222960631355003,0.0277553571941427,0.024531141477472,0.260487651584865,0.279142596460764,0.19950397046438,0.196229744360873,0.0388662750288862,0.0570128500679596,0.922166083290688,0.928070930497655,0.189615869439737,0.183978724943293,0.915487125702868,0.970632557613379,0.692683350793212,0.705450195744634,2.27584545409484,2.17557902931545,0.875889803691767,0.965288228272302,1.52320998329749,1.58602702861261,0.454619955203036,0.495132166378269,0.368968730452677,0.366222863938398
0.12603095757572,0.136837239276135,0.115537050624479,0.133804344163333,0.374553170359185,0.410209470693598,0.391571353136767,0.463434947756491,0.217688600291318,0.27833261713131,0.421443461175023,0.460057684701571,0.653873174120019,0.787444644251039,0.241797475369071,0.258383023472747,2.72092154564025,2.7028274093949,0.601950295145357,0.578505916131276,1.59573362016259,1.50922258975306,0.243929194788664,0.260380961448467,0.26794079971504,0.247964058942462,1.31801612790038,1.46896839206021,1.59783931431941,1.67161075906488,1.28199224498374,1.28903091267588,0.25006487621121,0.250821407761186,0.0224513596096106,0.0195669766720174,0.247120789238532,0.288664455756241,0.228324079155356,0.221130234071702,0.0316323687136259,0.0481134538861174,0.830907783500456,0.809408340942988,0.191264723755235,0.181446726122284,0.77830535576703,0.917433638426867,0.638957422706398,0.574421733337757,1.93662347305953,1.87869554362687,0.700059170308106,0.756186716708508,1.37136953564904,1.37901953926189,0.471296273528358,0.447385691245385,0.307265496092308,0.319200086974122
0.166051721165927,0.176712866652478,0.141663547168947,0.153095561536731,0.50115025606812,0.479552468803758,0.532418941739615,0.529009698364413,0.277580686337803,0.312204334735421,0.528184333031972,0.560249684082399,0.765240089622236,0.915361743932878,0.27353289950786,0.251541057951493,2.97947118641579,3.01080586680497,0.660335817866697,0.603096329006726,2.0604823049794,1.83052414277932,0.295573516583051,0.293186868063066,0.335280643290367,0.285368658027945,1.37444609423203,1.58741280734399,1.96647298365359,1.78646139616616,1.37180164542197,1.53147265625667,0.246129354985092,0.214824131533955,0.0280516228193174,0.0315337762425559,0.275105956899154,0.29839424279199,0.377858231847773,0.33992613457047,0.0269583939573571,0.0429876086678451,1.22019433850723,1.1593069883299,0.209415273755204,0.192281660634127,0.866709999165283,0.935594519285831,0.707913521503078,0.65161908126077,2.49278375834201,2.33695692867272,0.952398733493802,0.995336297159248,1.63728112117556,1.63113144696873,0.531895615528267,0.578095222352026,0.46284941063263,0.443411510866046
0.14279519944326,0.168292308282657,0.135758399652496,0.147447403261612,0.454007660941571,0.435722423481156,0.520936571409491,0.497020338154233,0.233784097711718,0.25886761683246,0.515816705069118,0.545108982367879,0.815502152496228,0.854653423628375,0.228011389853057,0.255226671512002,3.60943065112886,3.49191813012752,0.579499828781389,0.553733307283549,1.41604526919668,1.60389746513171,0.246208669374952,0.283463114193975,0.321733360745279,0.269374378995169,1.36686786280111,1.51259249554373,1.74104843488358,1.73642002346728,1.34341440792427,1.44064974140841,0.224096610245761,0.203899545220732,0.0282430790490164,0.0268541394123743,0.243851571966594,0.2661088786285,0.303736296504001,0.292363836255632,0.0458690981053747,0.0479423302998733,0.962404496183273,1.12623728470006,0.174426246320142,0.176890724293012,0.81621494467384,0.863944928776077,0.700036986003019,0.646721306456916,2.14595962000979,1.97413003441559,0.883305569401311,0.867430711313561,1.53409394758002,1.40774188453337,0.454366050183289,0.43413918050456,0.323541178056926,0.309459967343229
0.149179956768017,0.168666594193018,0.139352956350871,0.155435368366637,0.464010437352662,0.420882878722627,0.47127666517464,0.446849679771871,0.268010539337667,0.304419999265836,0.524619334907465,0.561304307954866,0.77672531577367,0.806708379695972,0.274236010725465,0.249585403325895,3.41208599667959,3.39891691416675,0.599372099732247,0.570144226205906,1.71164632658435,1.79774241741238,0.288935375367113,0.306884912920023,0.353017602547383,0.293702999537215,1.40617468490293,1.58622427207324,1.85198057789302,1.92074490925905,1.37905698201549,1.4203817575187,0.249059627247144,0.222677170536678,0.0275676411147362,0.0283834834368786,0.235952561850237,0.273402373663926,0.326833705811059,0.322343262034125,0.0224646021419922,0.031525273962919,0.983754677514236,1.04844049021189,0.193452110117908,0.195503767391978,0.946558083856822,0.971876031011335,0.714083397000219,0.612532724408468,2.09011360554049,2.16166588987744,0.836661818682691,0.90579820247439,1.52000555440368,1.49672248306225,0.507579904532609,0.507614476449153,0.346754177403833,0.38457965325839
0.154103371584544,0.170142927524812,0.128185660547376,0.120690870107199,0.401053956122072,0.432307686566937,0.467674246371366,0.463861782057211,0.244401464337732,0.310967059626844,0.505660803764026,0.502771668357459,0.730840390206859,0.740523825086764,0.207554730302126,0.241042384920481,3.4272469896823,3.49494790369122,0.601069902915925,0.581919189517431,1.64308981638221,1.62845598807658,0.286008633518745,0.27276219248635,0.316122269125198,0.24974132527332,1.38781446925578,1.35165415582405,1.68035704918109,1.78661819852004,1.26791726312028,1.42573147686624,0.215431794199669,0.190774934794674,0.0274712796822683,0.0229956110575204,0.256527031218581,0.290875615658395,0.331127569911866,0.321427260966389,0.0296944608827186,0.0360163955372734,0.979108701666015,1.00468985830824,0.174814833320442,0.19603737682171,0.907379848146515,0.982753657200389,0.667274516906173,0.720112414925508,2.03789266233926,2.02147612450403,0.841886436501871,0.85401913125643,1.50280647050027,1.45897966259209,0.507079466940088,0.497235266312362,0.360904465178992,0.380849453857799
0.152342483110729,0.164168767257848,0.143272618179889,0.148673603905924,0.488864568740499,0.463394131185495,0.538120528606806,0.492952732885907,0.281025050096626,0.302080428375214,0.552215372193908,0.589866402122081,0.732883068651857,0.849645911348678,0.260763275745897,0.276632976309231,3.3350378626917,3.20851083129534,0.682046795398389,0.636521860512419,1.73013862350786,1.78947949659371,0.318657123779007,0.318524973769719,0.320766667404503,0.327515484960061,1.44313094006303,1.54529427230991,1.65293552668778,1.7343164344793,1.44251249364174,1.47643734803917,0.237178830506845,0.210229979197804,0.0224884289365797,0.0233319907255088,0.266425403354136,0.292563958797186,0.365817387024365,0.300093621267534,0.0334158348027369,0.0480652365429189,1.00620141652078,1.02246450300053,0.188106580000348,0.187829945568109,0.933043338958796,1.01293879030501,0.755323436997208,0.706681891720582,2.13622527561735,2.109628489361,0.882292161397856,0.906561639495502,1.38179420663075,1.40733432232232,0.410880233684772,0.43372964843183,0.375996572371828,0.385519000346219
0.105798995923788,0.135379064418094,0.084412680983827,0.104551388291931,0.302091147849134,0.347962028488687,0.372021215012613,0.392083423820935,0.183382684122822,0.253477153765726,0.373610486044614,0.459043220290397,0.601958341475919,0.654641625899038,0.18194586205967,0.220316198960083,2.90347570987047,2.89984290265867,0.506384214339122,0.489683593772869,1.57938366396105,1.47834054164337,0.188696470651759,0.176570914694899,0.215932351513971,0.221365382101251,1.05741099865223,1.10520044142507,1.63915308174617,1.60115819563401,1.08924071224952,1.17447308756184,0.247894934673071,0.266021464268879,0.0183426090833211,0.0213638962204458,0.233111030963216,0.270549636925317,0.234119368159074,0.216861040145855,0.0165522501026755,0.033639710218005,0.789080275406244,0.763992474405094,0.154529806726114,0.163867770673493,0.750974975102554,0.78560624673715,0.555345296828215,0.513895479976859,1.76713414813771,1.73596555245975,0.667284100620668,0.780394480397667,1.22758358931159,1.2426374608099,0.46205426309756,0.454283499351954,0.304025830492005,0.305993240520623
0.158896365663242,0.145912052198937,0.136456982898618,0.119752420267849,0.522270773853508,0.396377963114186,0.555570473338561,0.495816441094192,0.289495579013312,0.28762144298835,0.508606083734975,0.553179146112377,0.792614123297421,0.810054663977003,0.263213936008439,0.259719414720772,3.15984589115248,3.20383978262591,0.649764408323437,0.610652323796115,1.79099597657686,1.82975686689907,0.331003109325805,0.307539661299601,0.32938368910968,0.294433447613573,1.55810423967791,1.76782070122835,1.77737425311134,1.87784256189794,1.48407442316274,1.59995703949261,0.240771255059448,0.224813046256573,0.0249043232697557,0.0236943352695209,0.248527599481114,0.27561467907072,0.250044047365509,0.245605982282979,0.0291046141743297,0.0338509231657495,1.00691512491166,0.973302926220986,0.214309791254549,0.216050675355037,0.946722914053876,1.07436053984009,0.719779099811063,0.7474757598388,2.55341340749317,2.3662561647263,0.895334284652392,0.961981721761046,1.63321480688,1.6053905275181,0.518701075786428,0.464123155788229,0.380008332972806,0.370577344979616
0.15859165901007,0.176007273095283,0.14064896527527,0.162447409913434,0.421780679640956,0.478054909177647,0.436711138844222,0.476616013078819,0.2531529013296,0.323429308256501,0.57549481222671,0.60118460364229,0.732907722974299,0.935710724174945,0.240498771954546,0.272264015567032,3.61891117095619,3.5072183601958,0.628920899683661,0.60570977776356,1.83551659406602,1.82372867579912,0.249499588887311,0.291634420185023,0.340032161361021,0.310399854152539,1.55665972244101,1.55650447946858,1.81688803547933,1.9013305336967,1.47355642517093,1.50345059541718,0.224190354363785,0.19461688376331,0.0306901858361688,0.0294398289544191,0.228697017952634,0.233310359025459,0.335353667291967,0.288221921683719,0.024452138922155,0.0345237792079461,0.925173499892428,0.951897631835708,0.226937048478016,0.213189604787864,0.883560312143343,0.93607635593484,0.775240902916887,0.703640159132965,2.22722146367319,2.00196698100491,0.896224422013856,0.915319755471135,1.69201380386007,1.62519140293952,0.540216981482219,0.489231692695491,0.385330945528117,0.378679622458906
0.168985216396815,0.173160197216734,0.153749164961783,0.158624364892677,0.448855469524589,0.449918016522849,0.52106804856489,0.539974841250902,0.271137351572374,0.286270138028609,0.591919405910187,0.643460087455318,0.822241980477182,0.883253982405021,0.268969865958877,0.270424839156586,3.66302918859875,3.65015556572008,0.613727546871403,0.629492948403274,1.91582490956726,1.8302205888139,0.318942262306785,0.305037411461857,0.315512904998501,0.307062823108535,1.45088693290538,1.51196619457518,1.96708549691211,1.94636302862395,1.61184284655242,1.69279728155086,0.241563873302559,0.244477065577161,0.0301856856915676,0.0318444753704845,0.272402036780314,0.325794334451399,0.277135407846014,0.279080338254899,0.0440711231515161,0.0580315158552376,1.06941175783636,1.11288396490552,0.234856137094979,0.212277374668954,0.959648176441581,1.04540860842232,0.719555230260855,0.744108957371307,2.21001548704646,2.22971485810305,0.991583041989841,1.11574790512164,1.64840645910149,1.4968507406603,0.580338366529267,0.544763941148019,0.440324666513715,0.442185511164105
0.163756448098172,0.181689860718168,0.144632250583911,0.158354928837418,0.439115109525025,0.435525232585261,0.546804987519392,0.518735489675968,0.267236379457188,0.31337276165079,0.531726426396702,0.636299863485462,0.666836324240782,0.765122388038685,0.228787011661816,0.244221127178014,3.50023711196941,3.54259603153453,0.640006082046054,0.638058711716123,1.93422770098813,1.8172337981724,0.306610016927905,0.325355655797929,0.32712175607594,0.304989180005531,1.51711242502776,1.52950446692951,1.7660584268902,1.86805468016446,1.34507911963232,1.4941662378114,0.228101861414571,0.207777623618926,0.0314941131132045,0.030838856468824,0.295103255867546,0.323977048954305,0.304694313199541,0.297827126951856,0.0627537045845706,0.0736988390204063,1.08206439541013,1.08295847355563,0.20674169231121,0.197728737376522,0.87430523419374,0.965976511684432,0.705190308116651,0.743028451510514,2.40641088287379,2.34950003943934,0.904949715444686,0.95157851202893,1.50862219004793,1.44801551519773,0.535554974519185,0.561369435926102,0.381722342699801,0.375878501540772
0.174386883398723,0.198421840707932,0.14655698649644,0.17212409536021,0.466695275031795,0.45891253419758,0.523948596520864,0.554655105803632,0.262728186480396,0.298896746679172,0.608041228174293,0.664083957256729,0.812316597838895,0.967586878604938,0.239845643916026,0.287775339864143,3.37282803627437,3.33340668713044,0.620881675675522,0.597819964658375,2.01462322422232,1.91018017597298,0.294504427143976,0.280745910051835,0.309553194930875,0.280512630756714,1.43947963425421,1.38987000861763,1.8171324861243,1.8761458362146,1.42901217936512,1.37700462587595,0.253546536010095,0.231318994196499,0.0282345972363911,0.027741461855858,0.282232493547773,0.323170377065872,0.298593177517245,0.279913958904636,0.0386362484489339,0.0473126273599638,1.05768958303002,1.07756008184063,0.194632808366046,0.194863678970294,0.882062731506335,0.862916222517837,0.733231229060822,0.660019540758051,2.15511793740734,2.16986926047388,0.911614032905056,0.880277455269506,1.54773736645016,1.56810967580582,0.623105862631317,0.568612779897646,0.404500538128845,0.374892649842661
0.139382217045932,0.162290804748837,0.125300840049821,0.136935541726475,0.388509306285095,0.372250055771821,0.489227258695453,0.461008355206738,0.21866095484835,0.256877258811031,0.487385324363679,0.537037229299204,0.710348548321972,0.73403580073249,0.225927251530881,0.238494229832653,3.11593864012773,3.03413810093088,0.510718913893178,0.45472878418798,1.69089900546006,1.58116258282429,0.246507177803081,0.278363826886657,0.247757790563388,0.253419490767985,1.30708824988393,1.44822892391938,1.62867624142373,1.65604473142704,1.09948519982577,1.31849262753602,0.218600150077662,0.187026558337147,0.0264090537791281,0.0276931552591173,0.209767764346151,0.22704736612606,0.262771628856408,0.275291727868639,0.0138114971910397,0.02503965202475,0.94920110561486,0.819092742666494,0.172057322747492,0.176715425218093,0.846930810687976,0.943590290112899,0.698600318959981,0.610449928785622,2.03299273464607,2.01718443870364,0.801195979907506,0.771933566939422,1.33476300931763,1.31771246506668,0.439057080092566,0.419417781955987,0.345244503096419,0.361414510618717
0.15147001529901,0.165943278162288,0.127321304789875,0.144918263805385,0.478611878215213,0.476917219926179,0.505053784912391,0.493322671837236,0.272954940576676,0.329594084857059,0.510139304488891,0.603887497046747,0.74262260690889,0.715984949299011,0.286162710366734,0.263545731679624,3.31190749916822,3.35619811589509,0.628908919631127,0.637690312186284,1.91343853029702,1.88047477221434,0.276639231077263,0.243177655908002,0.346640244790179,0.317786718578221,1.50814084773857,1.67285317769699,1.81891826198894,1.9276335650249,1.46678170965791,1.68032060352246,0.245138509547223,0.219258398154883,0.0324904183578726,0.0285401028131321,0.265884062999902,0.285189580031516,0.312661681954027,0.338951556154076,0.0230409059291909,0.0298869989201945,1.03257947948037,1.08847159336927,0.226825286798922,0.209681210827341,0.967755268931675,1.06270011909504,0.71174790040183,0.72379146304276,2.30619890453588,2.24455942184228,0.94296732044477,0.961980960354774,1.64297333235325,1.60458193442896,0.51391406669363,0.499212645415421,0.406990273769253,0.395171036161699
